stable_target_id,optimized_target_node,tested_interface,truth_table_hash,onset_size,total_rows,rewrite_artifact,synthesis_status,graph_validation_status,blocker,runtime_seconds,schema_version
f0b703ccb6f1d95d,new_n21,"[""a0"", ""b0"", ""cin""]",b1df09dd8bbf2466,4,8,results/necessity_first_target_discovery/artifacts/necessity_rewrites/f0b703ccb6f1d95d.interface_rewrite.blif,emitted,valid,,0.095998,necessity_first_targets_v1
d049016af490d397,new_n32,[],,0,0,,not_attempted,not_run,input_lower_bound_above_previous_bound,0.000000,necessity_first_targets_v1
ba728e449636e70a,new_n36,"[""a3"", ""b3""]",1f8ac1d43016dc5e,1,4,results/necessity_first_target_discovery/artifacts/necessity_rewrites/ba728e449636e70a.interface_rewrite.blif,emitted,valid,identical_driver,0.062704,necessity_first_targets_v1
9595683b7ec9ce2c,new_n22,"[""a1"", ""b1""]",1f8ac1d43016dc5e,1,4,results/necessity_first_target_discovery/artifacts/necessity_rewrites/9595683b7ec9ce2c.interface_rewrite.blif,emitted,valid,identical_driver,0.069138,necessity_first_targets_v1
59c67c797ca6b886,new_n28,"[""a0"", ""a1"", ""b0"", ""b1"", ""cin""]",b6f791c9fd3ff97f,16,32,results/necessity_first_target_discovery/artifacts/necessity_rewrites/59c67c797ca6b886.interface_rewrite.blif,emitted,valid,,0.099231,necessity_first_targets_v1
c4430c12331356b6,new_n18,"[""a0"", ""b0"", ""cin""]",2c0398cb89f2a2db,2,8,results/necessity_first_target_discovery/artifacts/necessity_rewrites/c4430c12331356b6.interface_rewrite.blif,emitted,valid,,0.108544,necessity_first_targets_v1
f3ddd1b38dc650de,new_n38,"[""a3"", ""b3""]",80dec3b23338d53a,2,4,results/necessity_first_target_discovery/artifacts/necessity_rewrites/f3ddd1b38dc650de.interface_rewrite.blif,emitted,valid,,0.076588,necessity_first_targets_v1
e5abd6629f420240,new_n25,"[""a0"", ""a1"", ""b0"", ""b1"", ""cin""]",c92c656a7d7e4d29,8,32,results/necessity_first_target_discovery/artifacts/necessity_rewrites/e5abd6629f420240.interface_rewrite.blif,emitted,valid,,0.105261,necessity_first_targets_v1
373a3d96f64cae37,new_n21,"[""a0"", ""b0"", ""cin""]",b1df09dd8bbf2466,4,8,results/necessity_first_target_discovery/artifacts/necessity_rewrites/373a3d96f64cae37.interface_rewrite.blif,emitted,valid,,0.104676,necessity_first_targets_v1
a51006c0de3b87e1,new_n32,[],,0,0,,not_attempted,not_run,input_lower_bound_above_previous_bound,0.000000,necessity_first_targets_v1
6257dd9a982e4598,new_n36,"[""a3"", ""b3""]",1f8ac1d43016dc5e,1,4,results/necessity_first_target_discovery/artifacts/necessity_rewrites/6257dd9a982e4598.interface_rewrite.blif,emitted,valid,identical_driver,0.074681,necessity_first_targets_v1
1255dd6ffc4d8f20,new_n22,"[""a1"", ""b1""]",1f8ac1d43016dc5e,1,4,results/necessity_first_target_discovery/artifacts/necessity_rewrites/1255dd6ffc4d8f20.interface_rewrite.blif,emitted,valid,identical_driver,0.078897,necessity_first_targets_v1
dfdb5218b3fce6d7,new_n28,"[""a0"", ""a1"", ""b0"", ""b1"", ""cin""]",b6f791c9fd3ff97f,16,32,results/necessity_first_target_discovery/artifacts/necessity_rewrites/dfdb5218b3fce6d7.interface_rewrite.blif,emitted,valid,,0.122854,necessity_first_targets_v1
bcb02d2e7c2609d7,new_n18,"[""a0"", ""b0"", ""cin""]",2c0398cb89f2a2db,2,8,results/necessity_first_target_discovery/artifacts/necessity_rewrites/bcb02d2e7c2609d7.interface_rewrite.blif,emitted,valid,,0.128516,necessity_first_targets_v1
36d89ab6b178da54,new_n38,"[""a3"", ""b3""]",80dec3b23338d53a,2,4,results/necessity_first_target_discovery/artifacts/necessity_rewrites/36d89ab6b178da54.interface_rewrite.blif,emitted,valid,,0.093050,necessity_first_targets_v1
8ff86a5a4c26ac90,new_n25,"[""a0"", ""a1"", ""b0"", ""b1"", ""cin""]",c92c656a7d7e4d29,8,32,results/necessity_first_target_discovery/artifacts/necessity_rewrites/8ff86a5a4c26ac90.interface_rewrite.blif,emitted,valid,,0.132959,necessity_first_targets_v1
e97620e6c2babf13,new_n13,"[""d0"", ""s1""]",092562000fcfef3f,1,4,results/necessity_first_target_discovery/artifacts/necessity_rewrites/e97620e6c2babf13.interface_rewrite.blif,emitted,valid,identical_driver,0.064131,necessity_first_targets_v1
3b2fc8360b7e79ac,new_n14,"[""d0"", ""d1"", ""s1""]",66ba8d80129fa38b,4,8,results/necessity_first_target_discovery/artifacts/necessity_rewrites/3b2fc8360b7e79ac.interface_rewrite.blif,emitted,valid,,0.101913,necessity_first_targets_v1
5d9170f310054caa,new_n15,"[""d0"", ""d1"", ""s0"", ""s1""]",ee5032aac3ddef73,4,16,results/necessity_first_target_discovery/artifacts/necessity_rewrites/5d9170f310054caa.interface_rewrite.blif,emitted,valid,,0.096381,necessity_first_targets_v1
b9432edb6c824047,new_n10,"[""d2"", ""s0"", ""s1""]",c0caf92922240fe6,3,8,results/necessity_first_target_discovery/artifacts/necessity_rewrites/b9432edb6c824047.interface_rewrite.blif,emitted,valid,,0.096815,necessity_first_targets_v1
40a47f1e357957aa,new_n8,"[""d3"", ""s1""]",1f8ac1d43016dc5e,1,4,results/necessity_first_target_discovery/artifacts/necessity_rewrites/40a47f1e357957aa.interface_rewrite.blif,emitted,valid,identical_driver,0.058047,necessity_first_targets_v1
8260b9f1b6160cfc,new_n12,"[""d1"", ""s1""]",1f8ac1d43016dc5e,1,4,results/necessity_first_target_discovery/artifacts/necessity_rewrites/8260b9f1b6160cfc.interface_rewrite.blif,emitted,valid,identical_driver,0.058340,necessity_first_targets_v1
e542ef81b25bbdce,new_n11,"[""d2"", ""d3"", ""s0"", ""s1""]",b999bcbfd902eba8,4,16,results/necessity_first_target_discovery/artifacts/necessity_rewrites/e542ef81b25bbdce.interface_rewrite.blif,emitted,valid,,0.097225,necessity_first_targets_v1
9d0cf8cf978db7ad,new_n9,"[""d2"", ""s1""]",092562000fcfef3f,1,4,results/necessity_first_target_discovery/artifacts/necessity_rewrites/9d0cf8cf978db7ad.interface_rewrite.blif,emitted,valid,identical_driver,0.057648,necessity_first_targets_v1
bbcae55a2b79726f,new_n8,"[""d3"", ""s1""]",75eb79b34420febb,1,4,results/necessity_first_target_discovery/artifacts/necessity_rewrites/bbcae55a2b79726f.interface_rewrite.blif,emitted,valid,identical_driver,0.061996,necessity_first_targets_v1
1a4ee0508c00ee05,new_n12,"[""d1"", ""s1""]",75eb79b34420febb,1,4,results/necessity_first_target_discovery/artifacts/necessity_rewrites/1a4ee0508c00ee05.interface_rewrite.blif,emitted,valid,identical_driver,0.056849,necessity_first_targets_v1
6eb93e4570dc5846,new_n15,"[""d0"", ""d1"", ""s0"", ""s1""]",ee5032aac3ddef73,4,16,results/necessity_first_target_discovery/artifacts/necessity_rewrites/6eb93e4570dc5846.interface_rewrite.blif,emitted,valid,,0.096611,necessity_first_targets_v1
c2cb051c4a341743,new_n10,"[""d2"", ""d3"", ""s1""]",ce938ddf84734026,4,8,results/necessity_first_target_discovery/artifacts/necessity_rewrites/c2cb051c4a341743.interface_rewrite.blif,emitted,valid,,0.101480,necessity_first_targets_v1
d799cb02c31d9356,new_n13,"[""d0"", ""s1""]",a5b3fb85d8be054f,1,4,results/necessity_first_target_discovery/artifacts/necessity_rewrites/d799cb02c31d9356.interface_rewrite.blif,emitted,valid,identical_driver,0.060704,necessity_first_targets_v1
804d74cc95b24886,new_n11,"[""d2"", ""d3"", ""s0"", ""s1""]",b999bcbfd902eba8,4,16,results/necessity_first_target_discovery/artifacts/necessity_rewrites/804d74cc95b24886.interface_rewrite.blif,emitted,valid,,0.099425,necessity_first_targets_v1
3678a9633b5b9e60,new_n14,"[""d0"", ""d1"", ""s1""]",ce938ddf84734026,4,8,results/necessity_first_target_discovery/artifacts/necessity_rewrites/3678a9633b5b9e60.interface_rewrite.blif,emitted,valid,,0.091417,necessity_first_targets_v1
dc9a0374e99bffb0,new_n9,"[""d2"", ""s1""]",a5b3fb85d8be054f,1,4,results/necessity_first_target_discovery/artifacts/necessity_rewrites/dc9a0374e99bffb0.interface_rewrite.blif,emitted,valid,identical_driver,0.056023,necessity_first_targets_v1
44ce54e10e10f232,new_n19,"[""d2"", ""d4"", ""d5""]",,0,0,,not_attempted,not_run,search_budget_exhaustion,0.000000,necessity_first_targets_v1
202040fdc0c4f44d,new_n20,"[""d2"", ""d4"", ""d5""]",,0,0,,not_attempted,not_run,search_budget_exhaustion,0.000000,necessity_first_targets_v1
eeb098e77b210ec9,new_n30,"[""d0"", ""d4"", ""s0""]",,0,0,,not_attempted,not_run,search_budget_exhaustion,0.000000,necessity_first_targets_v1
e7130cbc12573d52,new_n28,"[""d3"", ""d4""]",,0,0,,not_attempted,not_run,search_budget_exhaustion,0.000000,necessity_first_targets_v1
cb6fbab9c5809dc1,new_n18,"[""d3"", ""d4""]",,0,0,,not_attempted,not_run,search_budget_exhaustion,0.000000,necessity_first_targets_v1
48c5e5788e430a6d,new_n22,"[""d2"", ""d6""]",,0,0,,not_attempted,not_run,search_budget_exhaustion,0.000000,necessity_first_targets_v1
6b8716255ebdb208,new_n15,"[""d2"", ""d3""]",,0,0,,not_attempted,not_run,search_budget_exhaustion,0.000000,necessity_first_targets_v1
868c3cfdf581d7c0,new_n32,"[""d0"", ""d4"", ""s0""]",,0,0,,not_attempted,not_run,search_budget_exhaustion,0.000000,necessity_first_targets_v1
bb8c4b2107d20992,new_n22,"[""d3"", ""d4""]",,0,0,,not_attempted,not_run,search_budget_exhaustion,0.000000,necessity_first_targets_v1
f114ebc2ccc5f399,new_n15,"[""d0"", ""d4"", ""s1""]",,0,0,,not_attempted,not_run,search_budget_exhaustion,0.000000,necessity_first_targets_v1
d0acdf86fe225ffe,new_n29,"[""d2"", ""d6""]",,0,0,,not_attempted,not_run,search_budget_exhaustion,0.000000,necessity_first_targets_v1
cde9e114d4be7283,new_n26,"[""d0"", ""d3"", ""s1""]",,0,0,,not_attempted,not_run,search_budget_exhaustion,0.000000,necessity_first_targets_v1
f88000aa6cd5b126,new_n31,"[""d0"", ""d1"", ""d2"", ""s0""]",,0,0,,not_attempted,not_run,search_budget_exhaustion,0.000000,necessity_first_targets_v1
8035e9f4b2922f75,new_n32,"[""d0"", ""d4"", ""s0""]",,0,0,,not_attempted,not_run,search_budget_exhaustion,0.000000,necessity_first_targets_v1
aeb284d48148cacc,new_n23,"[""d0"", ""s2""]",092562000fcfef3f,1,4,results/necessity_first_target_discovery/artifacts/necessity_rewrites/aeb284d48148cacc.interface_rewrite.blif,emitted,valid,identical_driver,0.113216,necessity_first_targets_v1
2f3ded849a259150,new_n30,"[""d2"", ""d6""]",,0,0,,not_attempted,not_run,search_budget_exhaustion,0.000000,necessity_first_targets_v1
