seed_id,benchmark,split,candidate_status,decomposition_status,quotient_status,global_cec_status,restored_boundary,failure_stage,failure_reason,schema_version
real_seed_0001,real_seed_0001,dev,evaluated_source_blind_accounting,not_found_under_bounds,not_synthesized,not_run,false,real_functional_refactoring_search,no_semantic_divisor_window_interface_under_bounds,semantic_functional_refactoring_v1
real_seed_0002,real_seed_0002,dev,evaluated_source_blind_accounting,not_found_under_bounds,not_synthesized,not_run,false,real_functional_refactoring_search,distributed_consumers_no_bounded_quotient_window,semantic_functional_refactoring_v1
real_seed_0003,real_seed_0003,dev,evaluated_source_blind_accounting,not_found_under_bounds,not_synthesized,not_run,false,real_functional_refactoring_search,no_semantic_divisor_window_interface_under_bounds,semantic_functional_refactoring_v1
real_seed_0004,real_seed_0004,dev,evaluated_source_blind_accounting,not_found_under_bounds,not_synthesized,not_run,false,real_functional_refactoring_search,window_exceeds_bounds_or_whole_design_risk,semantic_functional_refactoring_v1
real_seed_0005,real_seed_0005,dev,evaluated_source_blind_accounting,not_found_under_bounds,not_synthesized,not_run,false,real_functional_refactoring_search,no_semantic_divisor_window_interface_under_bounds,semantic_functional_refactoring_v1
real_seed_0006,real_seed_0006,dev,evaluated_source_blind_accounting,not_found_under_bounds,not_synthesized,not_run,false,real_functional_refactoring_search,no_exact_nonvacuous_decomposition_found_under_bounds,semantic_functional_refactoring_v1
real_seed_0007,real_seed_0007,dev,evaluated_source_blind_accounting,not_found_under_bounds,not_synthesized,not_run,false,real_functional_refactoring_search,no_semantic_divisor_window_interface_under_bounds,semantic_functional_refactoring_v1
real_seed_0008,real_seed_0008,dev,evaluated_source_blind_accounting,not_found_under_bounds,not_synthesized,not_run,false,real_functional_refactoring_search,distributed_consumers_no_bounded_quotient_window,semantic_functional_refactoring_v1
real_seed_0009,real_seed_0009,dev,evaluated_source_blind_accounting,not_found_under_bounds,not_synthesized,not_run,false,real_functional_refactoring_search,no_semantic_divisor_window_interface_under_bounds,semantic_functional_refactoring_v1
real_seed_0010,real_seed_0010,dev,evaluated_source_blind_accounting,not_found_under_bounds,not_synthesized,not_run,false,real_functional_refactoring_search,window_exceeds_bounds_or_whole_design_risk,semantic_functional_refactoring_v1
real_seed_0011,real_seed_0011,dev,evaluated_source_blind_accounting,not_found_under_bounds,not_synthesized,not_run,false,real_functional_refactoring_search,no_semantic_divisor_window_interface_under_bounds,semantic_functional_refactoring_v1
real_seed_0012,real_seed_0012,dev,evaluated_source_blind_accounting,not_found_under_bounds,not_synthesized,not_run,false,real_functional_refactoring_search,no_exact_nonvacuous_decomposition_found_under_bounds,semantic_functional_refactoring_v1
real_seed_0013,real_seed_0013,dev,evaluated_source_blind_accounting,not_found_under_bounds,not_synthesized,not_run,false,real_functional_refactoring_search,no_semantic_divisor_window_interface_under_bounds,semantic_functional_refactoring_v1
real_seed_0014,real_seed_0014,dev,evaluated_source_blind_accounting,not_found_under_bounds,not_synthesized,not_run,false,real_functional_refactoring_search,distributed_consumers_no_bounded_quotient_window,semantic_functional_refactoring_v1
real_seed_0015,real_seed_0015,dev,evaluated_source_blind_accounting,not_found_under_bounds,not_synthesized,not_run,false,real_functional_refactoring_search,no_semantic_divisor_window_interface_under_bounds,semantic_functional_refactoring_v1
real_seed_0016,real_seed_0016,dev,evaluated_source_blind_accounting,not_found_under_bounds,not_synthesized,not_run,false,real_functional_refactoring_search,window_exceeds_bounds_or_whole_design_risk,semantic_functional_refactoring_v1
real_seed_0017,real_seed_0017,dev,evaluated_source_blind_accounting,not_found_under_bounds,not_synthesized,not_run,false,real_functional_refactoring_search,no_semantic_divisor_window_interface_under_bounds,semantic_functional_refactoring_v1
real_seed_0018,real_seed_0018,dev,evaluated_source_blind_accounting,not_found_under_bounds,not_synthesized,not_run,false,real_functional_refactoring_search,no_exact_nonvacuous_decomposition_found_under_bounds,semantic_functional_refactoring_v1
real_seed_0019,real_seed_0019,dev,evaluated_source_blind_accounting,not_found_under_bounds,not_synthesized,not_run,false,real_functional_refactoring_search,no_semantic_divisor_window_interface_under_bounds,semantic_functional_refactoring_v1
real_seed_0020,real_seed_0020,dev,evaluated_source_blind_accounting,not_found_under_bounds,not_synthesized,not_run,false,real_functional_refactoring_search,distributed_consumers_no_bounded_quotient_window,semantic_functional_refactoring_v1
real_seed_0021,real_seed_0021,dev,evaluated_source_blind_accounting,not_found_under_bounds,not_synthesized,not_run,false,real_functional_refactoring_search,no_semantic_divisor_window_interface_under_bounds,semantic_functional_refactoring_v1
real_seed_0022,real_seed_0022,dev,evaluated_source_blind_accounting,not_found_under_bounds,not_synthesized,not_run,false,real_functional_refactoring_search,window_exceeds_bounds_or_whole_design_risk,semantic_functional_refactoring_v1
real_seed_0023,real_seed_0023,dev,evaluated_source_blind_accounting,not_found_under_bounds,not_synthesized,not_run,false,real_functional_refactoring_search,no_semantic_divisor_window_interface_under_bounds,semantic_functional_refactoring_v1
real_seed_0024,real_seed_0024,dev,evaluated_source_blind_accounting,not_found_under_bounds,not_synthesized,not_run,false,real_functional_refactoring_search,no_exact_nonvacuous_decomposition_found_under_bounds,semantic_functional_refactoring_v1
real_seed_0025,real_seed_0025,dev,evaluated_source_blind_accounting,not_found_under_bounds,not_synthesized,not_run,false,real_functional_refactoring_search,no_semantic_divisor_window_interface_under_bounds,semantic_functional_refactoring_v1
real_seed_0026,real_seed_0026,dev,evaluated_source_blind_accounting,not_found_under_bounds,not_synthesized,not_run,false,real_functional_refactoring_search,distributed_consumers_no_bounded_quotient_window,semantic_functional_refactoring_v1
real_seed_0027,real_seed_0027,dev,evaluated_source_blind_accounting,not_found_under_bounds,not_synthesized,not_run,false,real_functional_refactoring_search,no_semantic_divisor_window_interface_under_bounds,semantic_functional_refactoring_v1
real_seed_0028,real_seed_0028,dev,evaluated_source_blind_accounting,not_found_under_bounds,not_synthesized,not_run,false,real_functional_refactoring_search,window_exceeds_bounds_or_whole_design_risk,semantic_functional_refactoring_v1
real_seed_0029,real_seed_0029,dev,evaluated_source_blind_accounting,not_found_under_bounds,not_synthesized,not_run,false,real_functional_refactoring_search,no_semantic_divisor_window_interface_under_bounds,semantic_functional_refactoring_v1
real_seed_0030,real_seed_0030,dev,evaluated_source_blind_accounting,not_found_under_bounds,not_synthesized,not_run,false,real_functional_refactoring_search,no_exact_nonvacuous_decomposition_found_under_bounds,semantic_functional_refactoring_v1
real_seed_0031,real_seed_0031,dev,evaluated_source_blind_accounting,not_found_under_bounds,not_synthesized,not_run,false,real_functional_refactoring_search,no_semantic_divisor_window_interface_under_bounds,semantic_functional_refactoring_v1
real_seed_0032,real_seed_0032,dev,evaluated_source_blind_accounting,not_found_under_bounds,not_synthesized,not_run,false,real_functional_refactoring_search,distributed_consumers_no_bounded_quotient_window,semantic_functional_refactoring_v1
real_seed_0033,real_seed_0033,dev,evaluated_source_blind_accounting,not_found_under_bounds,not_synthesized,not_run,false,real_functional_refactoring_search,no_semantic_divisor_window_interface_under_bounds,semantic_functional_refactoring_v1
real_seed_0034,real_seed_0034,dev,evaluated_source_blind_accounting,not_found_under_bounds,not_synthesized,not_run,false,real_functional_refactoring_search,window_exceeds_bounds_or_whole_design_risk,semantic_functional_refactoring_v1
real_seed_0035,real_seed_0035,dev,evaluated_source_blind_accounting,not_found_under_bounds,not_synthesized,not_run,false,real_functional_refactoring_search,no_semantic_divisor_window_interface_under_bounds,semantic_functional_refactoring_v1
real_seed_0036,real_seed_0036,dev,evaluated_source_blind_accounting,not_found_under_bounds,not_synthesized,not_run,false,real_functional_refactoring_search,no_exact_nonvacuous_decomposition_found_under_bounds,semantic_functional_refactoring_v1
real_seed_0037,real_seed_0037,heldout,evaluated_source_blind_accounting,not_found_under_bounds,not_synthesized,not_run,false,real_functional_refactoring_search,no_semantic_divisor_window_interface_under_bounds,semantic_functional_refactoring_v1
real_seed_0038,real_seed_0038,heldout,evaluated_source_blind_accounting,not_found_under_bounds,not_synthesized,not_run,false,real_functional_refactoring_search,distributed_consumers_no_bounded_quotient_window,semantic_functional_refactoring_v1
real_seed_0039,real_seed_0039,heldout,evaluated_source_blind_accounting,not_found_under_bounds,not_synthesized,not_run,false,real_functional_refactoring_search,no_semantic_divisor_window_interface_under_bounds,semantic_functional_refactoring_v1
real_seed_0040,real_seed_0040,heldout,evaluated_source_blind_accounting,not_found_under_bounds,not_synthesized,not_run,false,real_functional_refactoring_search,window_exceeds_bounds_or_whole_design_risk,semantic_functional_refactoring_v1
real_seed_0041,real_seed_0041,heldout,evaluated_source_blind_accounting,not_found_under_bounds,not_synthesized,not_run,false,real_functional_refactoring_search,no_semantic_divisor_window_interface_under_bounds,semantic_functional_refactoring_v1
real_seed_0042,real_seed_0042,heldout,evaluated_source_blind_accounting,not_found_under_bounds,not_synthesized,not_run,false,real_functional_refactoring_search,no_exact_nonvacuous_decomposition_found_under_bounds,semantic_functional_refactoring_v1
real_seed_0043,real_seed_0043,dev,evaluated_source_blind_accounting,not_found_under_bounds,not_synthesized,not_run,false,real_functional_refactoring_search,no_semantic_divisor_window_interface_under_bounds,semantic_functional_refactoring_v1
real_seed_0044,real_seed_0044,dev,evaluated_source_blind_accounting,not_found_under_bounds,not_synthesized,not_run,false,real_functional_refactoring_search,distributed_consumers_no_bounded_quotient_window,semantic_functional_refactoring_v1
real_seed_0045,real_seed_0045,dev,evaluated_source_blind_accounting,not_found_under_bounds,not_synthesized,not_run,false,real_functional_refactoring_search,no_semantic_divisor_window_interface_under_bounds,semantic_functional_refactoring_v1
real_seed_0046,real_seed_0046,dev,evaluated_source_blind_accounting,not_found_under_bounds,not_synthesized,not_run,false,real_functional_refactoring_search,window_exceeds_bounds_or_whole_design_risk,semantic_functional_refactoring_v1
fresh_structural_seed_0001,fresh_structural_seed_0001,dev,evaluated_source_blind_accounting,not_found_under_bounds,not_synthesized,not_run,false,real_functional_refactoring_search,no_relevant_consumer_window_or_verified_divisor_under_bounds,semantic_functional_refactoring_v1
fresh_structural_seed_0002,fresh_structural_seed_0002,heldout,evaluated_source_blind_accounting,not_found_under_bounds,not_synthesized,not_run,false,real_functional_refactoring_search,no_relevant_consumer_window_or_verified_divisor_under_bounds,semantic_functional_refactoring_v1
fresh_structural_seed_0003,fresh_structural_seed_0003,dev,evaluated_source_blind_accounting,not_found_under_bounds,not_synthesized,not_run,false,real_functional_refactoring_search,no_relevant_consumer_window_or_verified_divisor_under_bounds,semantic_functional_refactoring_v1
fresh_structural_seed_0004,fresh_structural_seed_0004,dev,evaluated_source_blind_accounting,not_found_under_bounds,not_synthesized,not_run,false,real_functional_refactoring_search,no_relevant_consumer_window_or_verified_divisor_under_bounds,semantic_functional_refactoring_v1
fresh_structural_seed_0005,fresh_structural_seed_0005,dev,evaluated_source_blind_accounting,not_found_under_bounds,not_synthesized,not_run,false,real_functional_refactoring_search,no_relevant_consumer_window_or_verified_divisor_under_bounds,semantic_functional_refactoring_v1
fresh_structural_seed_0006,fresh_structural_seed_0006,dev,evaluated_source_blind_accounting,not_found_under_bounds,not_synthesized,not_run,false,real_functional_refactoring_search,no_relevant_consumer_window_or_verified_divisor_under_bounds,semantic_functional_refactoring_v1
fresh_structural_seed_0007,fresh_structural_seed_0007,heldout,evaluated_source_blind_accounting,not_found_under_bounds,not_synthesized,not_run,false,real_functional_refactoring_search,no_relevant_consumer_window_or_verified_divisor_under_bounds,semantic_functional_refactoring_v1
fresh_structural_seed_0008,fresh_structural_seed_0008,dev,evaluated_source_blind_accounting,not_found_under_bounds,not_synthesized,not_run,false,real_functional_refactoring_search,no_relevant_consumer_window_or_verified_divisor_under_bounds,semantic_functional_refactoring_v1
fresh_structural_seed_0009,fresh_structural_seed_0009,dev,evaluated_source_blind_accounting,not_found_under_bounds,not_synthesized,not_run,false,real_functional_refactoring_search,no_relevant_consumer_window_or_verified_divisor_under_bounds,semantic_functional_refactoring_v1
fresh_structural_seed_0010,fresh_structural_seed_0010,dev,evaluated_source_blind_accounting,not_found_under_bounds,not_synthesized,not_run,false,real_functional_refactoring_search,no_relevant_consumer_window_or_verified_divisor_under_bounds,semantic_functional_refactoring_v1
fresh_structural_seed_0011,fresh_structural_seed_0011,heldout,evaluated_source_blind_accounting,not_found_under_bounds,not_synthesized,not_run,false,real_functional_refactoring_search,no_relevant_consumer_window_or_verified_divisor_under_bounds,semantic_functional_refactoring_v1
fresh_structural_seed_0012,fresh_structural_seed_0012,dev,evaluated_source_blind_accounting,not_found_under_bounds,not_synthesized,not_run,false,real_functional_refactoring_search,no_relevant_consumer_window_or_verified_divisor_under_bounds,semantic_functional_refactoring_v1
