counterexample_id,analysis_target_id,target_id,difference_set,difference_set_width,difference_set_hash,schema_version
76cafde2ced2e0fb,real_0001,generated_adder_4|adder_bit1_carry_sum_region|dc2|new_n17,[],0,4f53cda18c2baa0c,formal_locality_barriers_v1
2098523caff5e15b,real_0002,generated_adder_4|adder_bit1_carry_sum_region|dc2|new_n17,[],0,4f53cda18c2baa0c,formal_locality_barriers_v1
4714f2440c3120bb,real_0003,generated_adder_4|adder_bit1_carry_sum_region|dc2|new_n19,[],0,4f53cda18c2baa0c,formal_locality_barriers_v1
f157d5e7e73fc5b7,real_0004,generated_adder_4|adder_bit1_carry_sum_region|resyn2|new_n17,[],0,4f53cda18c2baa0c,formal_locality_barriers_v1
a13b0ebe2d8733fe,real_0005,generated_adder_4|adder_bit1_carry_sum_region|resyn2|new_n17,[],0,4f53cda18c2baa0c,formal_locality_barriers_v1
080c7168b063b67f,real_0006,generated_adder_4|adder_bit1_carry_sum_region|resyn2|new_n19,[],0,4f53cda18c2baa0c,formal_locality_barriers_v1
1e5b5a3deb75d3fe,real_0007,generated_mux_tree_4|mux_tree_root|dc2|new_n10,[],0,4f53cda18c2baa0c,formal_locality_barriers_v1
ff5204b2deaacd01,real_0008,generated_mux_tree_4|mux_tree_root|resyn2|new_n12,[],0,4f53cda18c2baa0c,formal_locality_barriers_v1
c7767cdee5a81ff2,real_0009,generated_mux_tree_4|mux_tree_root|resyn2|new_n9,[],0,4f53cda18c2baa0c,formal_locality_barriers_v1
64f76a4b9dfd5a69,real_0010,generated_mux_tree_8|mux_tree_upper_root|dc2|new_n18,[],0,4f53cda18c2baa0c,formal_locality_barriers_v1
b05cdda61e90ff63,real_0011,generated_mux_tree_8|mux_tree_upper_root|dc2|new_n24,[],0,4f53cda18c2baa0c,formal_locality_barriers_v1
f8a9d0b4722e7849,real_0012,generated_mux_tree_8|mux_tree_upper_root|dc2|new_n27,[],0,4f53cda18c2baa0c,formal_locality_barriers_v1
0fcefc03b01683c2,real_0013,generated_mux_tree_8|mux_tree_upper_root|dc2|new_n28,[],0,4f53cda18c2baa0c,formal_locality_barriers_v1
f281034a314f01b0,real_0014,generated_mux_tree_8|mux_tree_upper_root|dc2|new_n15,[],0,4f53cda18c2baa0c,formal_locality_barriers_v1
46519a57b90d4e42,real_0015,generated_mux_tree_8|mux_tree_upper_root|dc2|new_n19,[],0,4f53cda18c2baa0c,formal_locality_barriers_v1
7679e12b0b348608,real_0016,generated_mux_tree_8|mux_tree_upper_root|dc2|new_n29,[],0,4f53cda18c2baa0c,formal_locality_barriers_v1
200eae88a849b90f,real_0017,generated_mux_tree_8|mux_tree_upper_root|resyn2|new_n15,[],0,4f53cda18c2baa0c,formal_locality_barriers_v1
4ace893f2be2a6bb,real_0018,generated_mux_tree_8|mux_tree_upper_root|resyn2|new_n19,[],0,4f53cda18c2baa0c,formal_locality_barriers_v1
6f1f58656681c0fb,real_0019,generated_mux_tree_8|mux_tree_upper_root|resyn2|new_n29,[],0,4f53cda18c2baa0c,formal_locality_barriers_v1
a156d32cd900fe3f,real_0020,generated_mux_tree_8|mux_tree_upper_root|resyn2|new_n20,[],0,4f53cda18c2baa0c,formal_locality_barriers_v1
