target_id,split,source_result,candidate_status,counterpart_status,semantic_counterpart_inferred,graph_active_recovery,promoted_evidence_level,blocker,source_blind,schema_version
generated_adder_4|adder_bit1_carry_sum_region|dc2|new_n17,dev,old_materialized_anchor,evaluated_source_blind_accounting,proved_additive_counterpart,true,false,semantic_counterpart_only,no_relevant_source_consumer_window_under_bounds,true,evidence_advancement_v1
generated_adder_4|adder_bit1_carry_sum_region|dc2|new_n17,dev,old_materialized_anchor,evaluated_source_blind_accounting,proved_additive_counterpart,true,false,semantic_counterpart_only,no_relevant_source_consumer_window_under_bounds,true,evidence_advancement_v1
generated_adder_4|adder_bit1_carry_sum_region|dc2|new_n19,dev,old_materialized_anchor,evaluated_source_blind_accounting,proved_additive_counterpart,true,false,semantic_counterpart_only,no_relevant_source_consumer_window_under_bounds,true,evidence_advancement_v1
generated_adder_4|adder_bit1_carry_sum_region|resyn2|new_n17,dev,old_materialized_anchor,evaluated_source_blind_accounting,proved_additive_counterpart,true,false,semantic_counterpart_only,no_relevant_source_consumer_window_under_bounds,true,evidence_advancement_v1
generated_adder_4|adder_bit1_carry_sum_region|resyn2|new_n17,heldout,old_materialized_anchor,evaluated_source_blind_accounting,proved_additive_counterpart,true,false,semantic_counterpart_only,no_relevant_source_consumer_window_under_bounds,true,evidence_advancement_v1
generated_adder_4|adder_bit1_carry_sum_region|resyn2|new_n19,dev,old_materialized_anchor,evaluated_source_blind_accounting,proved_additive_counterpart,true,false,semantic_counterpart_only,no_relevant_source_consumer_window_under_bounds,true,evidence_advancement_v1
generated_mux_tree_4|mux_tree_root|dc2|new_n10,dev,old_materialized_anchor,evaluated_source_blind_accounting,proved_additive_counterpart,true,false,semantic_counterpart_only,no_relevant_source_consumer_window_under_bounds,true,evidence_advancement_v1
generated_mux_tree_4|mux_tree_root|resyn2|new_n12,dev,old_materialized_anchor,evaluated_source_blind_accounting,proved_additive_counterpart,true,false,semantic_counterpart_only,no_relevant_source_consumer_window_under_bounds,true,evidence_advancement_v1
generated_mux_tree_4|mux_tree_root|resyn2|new_n9,dev,old_materialized_anchor,evaluated_source_blind_accounting,proved_additive_counterpart,true,false,semantic_counterpart_only,no_relevant_source_consumer_window_under_bounds,true,evidence_advancement_v1
generated_mux_tree_8|mux_tree_upper_root|dc2|new_n18,heldout,old_materialized_anchor,evaluated_source_blind_accounting,proved_additive_counterpart,true,false,semantic_counterpart_only,no_relevant_source_consumer_window_under_bounds,true,evidence_advancement_v1
generated_mux_tree_8|mux_tree_upper_root|dc2|new_n24,dev,old_materialized_anchor,evaluated_source_blind_accounting,proved_additive_counterpart,true,false,semantic_counterpart_only,no_relevant_source_consumer_window_under_bounds,true,evidence_advancement_v1
generated_mux_tree_8|mux_tree_upper_root|dc2|new_n27,dev,old_materialized_anchor,evaluated_source_blind_accounting,proved_additive_counterpart,true,false,semantic_counterpart_only,no_relevant_source_consumer_window_under_bounds,true,evidence_advancement_v1
generated_mux_tree_8|mux_tree_upper_root|dc2|new_n28,dev,old_materialized_anchor,evaluated_source_blind_accounting,proved_additive_counterpart,true,false,semantic_counterpart_only,no_relevant_source_consumer_window_under_bounds,true,evidence_advancement_v1
generated_mux_tree_8|mux_tree_upper_root|dc2|new_n15,dev,old_materialized_anchor,evaluated_source_blind_accounting,proved_additive_counterpart,true,false,semantic_counterpart_only,no_relevant_source_consumer_window_under_bounds,true,evidence_advancement_v1
generated_mux_tree_8|mux_tree_upper_root|dc2|new_n19,heldout,old_materialized_anchor,evaluated_source_blind_accounting,proved_additive_counterpart,true,false,semantic_counterpart_only,no_relevant_source_consumer_window_under_bounds,true,evidence_advancement_v1
generated_mux_tree_8|mux_tree_upper_root|dc2|new_n29,dev,old_materialized_anchor,evaluated_source_blind_accounting,proved_additive_counterpart,true,false,semantic_counterpart_only,no_relevant_source_consumer_window_under_bounds,true,evidence_advancement_v1
generated_mux_tree_8|mux_tree_upper_root|resyn2|new_n15,dev,old_materialized_anchor,evaluated_source_blind_accounting,proved_additive_counterpart,true,false,semantic_counterpart_only,no_relevant_source_consumer_window_under_bounds,true,evidence_advancement_v1
generated_mux_tree_8|mux_tree_upper_root|resyn2|new_n19,dev,old_materialized_anchor,evaluated_source_blind_accounting,proved_additive_counterpart,true,false,semantic_counterpart_only,no_relevant_source_consumer_window_under_bounds,true,evidence_advancement_v1
generated_mux_tree_8|mux_tree_upper_root|resyn2|new_n29,dev,old_materialized_anchor,evaluated_source_blind_accounting,proved_additive_counterpart,true,false,semantic_counterpart_only,no_relevant_source_consumer_window_under_bounds,true,evidence_advancement_v1
generated_mux_tree_8|mux_tree_upper_root|resyn2|new_n20,heldout,old_materialized_anchor,evaluated_source_blind_accounting,proved_additive_counterpart,true,false,semantic_counterpart_only,no_relevant_source_consumer_window_under_bounds,true,evidence_advancement_v1
controlled_and_factor__b0,dev,fresh_utility_target,evaluated_source_blind_accounting,not_proved,false,false,not_recovered,no_globally_anchored_cut,true,evidence_advancement_v1
controlled_and_factor__b0,dev,fresh_utility_target,evaluated_source_blind_accounting,not_proved,false,false,not_recovered,no_globally_anchored_cut,true,evidence_advancement_v1
controlled_and_factor__b0,dev,fresh_utility_target,evaluated_source_blind_accounting,not_proved,false,false,not_recovered,no_globally_anchored_cut,true,evidence_advancement_v1
controlled_and_factor__b0,dev,fresh_utility_target,evaluated_source_blind_accounting,not_proved,false,false,not_recovered,no_globally_anchored_cut,true,evidence_advancement_v1
controlled_and_factor__b0,heldout,fresh_utility_target,evaluated_source_blind_accounting,not_proved,false,false,not_recovered,no_globally_anchored_cut,true,evidence_advancement_v1
controlled_and_factor__b0,dev,fresh_utility_target,evaluated_source_blind_accounting,not_proved,false,false,not_recovered,no_globally_anchored_cut,true,evidence_advancement_v1
controlled_and_factor__b0,dev,fresh_utility_target,evaluated_source_blind_accounting,not_proved,false,false,not_recovered,no_globally_anchored_cut,true,evidence_advancement_v1
controlled_and_factor__b0,dev,fresh_utility_target,evaluated_source_blind_accounting,not_proved,false,false,not_recovered,no_globally_anchored_cut,true,evidence_advancement_v1
controlled_and_factor__b0,dev,fresh_utility_target,evaluated_source_blind_accounting,not_proved,false,false,not_recovered,no_globally_anchored_cut,true,evidence_advancement_v1
controlled_nonmonotonic_factor__b0,heldout,fresh_utility_target,evaluated_source_blind_accounting,not_proved,false,false,not_recovered,no_globally_anchored_cut,true,evidence_advancement_v1
controlled_nonmonotonic_factor__b0,dev,fresh_utility_target,evaluated_source_blind_accounting,not_proved,false,false,not_recovered,no_globally_anchored_cut,true,evidence_advancement_v1
controlled_nonmonotonic_factor__b0,dev,fresh_utility_target,evaluated_source_blind_accounting,not_proved,false,false,not_recovered,no_globally_anchored_cut,true,evidence_advancement_v1
controlled_nonmonotonic_factor__b0,dev,fresh_utility_target,evaluated_source_blind_accounting,not_proved,false,false,not_recovered,no_globally_anchored_cut,true,evidence_advancement_v1
controlled_nonmonotonic_factor__b0,dev,fresh_utility_target,evaluated_source_blind_accounting,not_proved,false,false,not_recovered,no_globally_anchored_cut,true,evidence_advancement_v1
controlled_nonmonotonic_factor__b0,heldout,fresh_utility_target,evaluated_source_blind_accounting,not_proved,false,false,not_recovered,no_globally_anchored_cut,true,evidence_advancement_v1
controlled_nonmonotonic_factor__b0,dev,fresh_utility_target,evaluated_source_blind_accounting,not_proved,false,false,not_recovered,no_globally_anchored_cut,true,evidence_advancement_v1
controlled_nonmonotonic_factor__b0,dev,fresh_utility_target,evaluated_source_blind_accounting,not_proved,false,false,not_recovered,no_globally_anchored_cut,true,evidence_advancement_v1
controlled_nonmonotonic_factor__b0,dev,fresh_utility_target,evaluated_source_blind_accounting,not_proved,false,false,not_recovered,no_globally_anchored_cut,true,evidence_advancement_v1
controlled_nonmonotonic_factor__b0,dev,fresh_utility_target,evaluated_source_blind_accounting,not_proved,false,false,not_recovered,no_globally_anchored_cut,true,evidence_advancement_v1
controlled_nonmonotonic_factor__b0,heldout,fresh_utility_target,evaluated_source_blind_accounting,not_proved,false,false,not_recovered,no_globally_anchored_cut,true,evidence_advancement_v1
controlled_xor_factor__b0,dev,fresh_utility_target,evaluated_source_blind_accounting,not_proved,false,false,not_recovered,no_globally_anchored_cut,true,evidence_advancement_v1
controlled_xor_factor__b0,dev,fresh_utility_target,evaluated_source_blind_accounting,not_proved,false,false,not_recovered,no_globally_anchored_cut,true,evidence_advancement_v1
controlled_xor_factor__b0,dev,fresh_utility_target,evaluated_source_blind_accounting,not_proved,false,false,not_recovered,no_globally_anchored_cut,true,evidence_advancement_v1
controlled_xor_factor__b0,dev,fresh_utility_target,evaluated_source_blind_accounting,not_proved,false,false,not_recovered,no_globally_anchored_cut,true,evidence_advancement_v1
controlled_xor_factor__b0,heldout,fresh_utility_target,evaluated_source_blind_accounting,not_proved,false,false,not_recovered,no_globally_anchored_cut,true,evidence_advancement_v1
controlled_xor_factor__b0,dev,fresh_utility_target,evaluated_source_blind_accounting,not_proved,false,false,not_recovered,no_globally_anchored_cut,true,evidence_advancement_v1
controlled_xor_factor__b0,dev,fresh_utility_target,evaluated_source_blind_accounting,not_proved,false,false,not_recovered,no_globally_anchored_cut,true,evidence_advancement_v1
controlled_xor_factor__b0,dev,fresh_utility_target,evaluated_source_blind_accounting,not_proved,false,false,not_recovered,no_globally_anchored_cut,true,evidence_advancement_v1
controlled_xor_factor__b0,dev,fresh_utility_target,evaluated_source_blind_accounting,not_proved,false,false,not_recovered,no_globally_anchored_cut,true,evidence_advancement_v1
controlled_xor_factor__b0,heldout,fresh_utility_target,evaluated_source_blind_accounting,not_proved,false,false,not_recovered,no_globally_anchored_cut,true,evidence_advancement_v1
controlled_xor_factor__b0,dev,fresh_utility_target,evaluated_source_blind_accounting,not_proved,false,false,not_recovered,no_globally_anchored_cut,true,evidence_advancement_v1
controlled_xor_factor__b0,dev,fresh_utility_target,evaluated_source_blind_accounting,not_proved,false,false,not_recovered,no_globally_anchored_cut,true,evidence_advancement_v1
full_adder_carry__b0,dev,fresh_utility_target,evaluated_source_blind_accounting,not_proved,false,false,not_recovered,no_globally_anchored_cut,true,evidence_advancement_v1
full_adder_carry__b0,dev,fresh_utility_target,evaluated_source_blind_accounting,not_proved,false,false,not_recovered,no_globally_anchored_cut,true,evidence_advancement_v1
full_adder_carry__b0,heldout,fresh_utility_target,evaluated_source_blind_accounting,not_proved,false,false,not_recovered,no_globally_anchored_cut,true,evidence_advancement_v1
full_adder_carry__b0,dev,fresh_utility_target,evaluated_source_blind_accounting,not_proved,false,false,not_recovered,no_globally_anchored_cut,true,evidence_advancement_v1
