benchmark,optimization,depth,total_opt_nodes,avg_rank1_region_score,avg_rank1_cone_sim,avg_rank1_cone_support,avg_rank1_cone_size_sim,pct_rank1_above_0_8
generated_adder_4,balance,1,31,1.0,1.0,1.0,1.0,1.0
generated_adder_4,balance,2,31,1.0,1.0,1.0,1.0,1.0
generated_adder_4,balance,3,31,1.0,1.0,1.0,1.0,1.0
generated_adder_4,compress2rs,1,23,0.7925983436853002,0.8586956521739131,0.7215320910973085,0.7463768115942029,0.6086956521739131
generated_adder_4,compress2rs,2,23,0.8346376811594203,0.8478260869565217,0.8420289855072464,0.7391304347826086,0.6521739130434783
generated_adder_4,compress2rs,3,23,0.8417764602547211,0.8369565217391305,0.8825208607817303,0.7028985507246377,0.6956521739130435
generated_adder_4,dc2,1,23,0.7925983436853002,0.8586956521739131,0.7215320910973085,0.7463768115942029,0.6086956521739131
generated_adder_4,dc2,2,23,0.8346376811594203,0.8478260869565217,0.8420289855072464,0.7391304347826086,0.6521739130434783
generated_adder_4,dc2,3,23,0.8417764602547211,0.8369565217391305,0.8825208607817303,0.7028985507246377,0.6956521739130435
generated_adder_4,refactor,1,23,0.7925983436853002,0.8586956521739131,0.7215320910973085,0.7463768115942029,0.6086956521739131
generated_adder_4,refactor,2,23,0.8346376811594203,0.8478260869565217,0.8420289855072464,0.7391304347826086,0.6521739130434783
generated_adder_4,refactor,3,23,0.8417764602547211,0.8369565217391305,0.8825208607817303,0.7028985507246377,0.6956521739130435
generated_adder_4,refactor_z,1,23,0.7925983436853002,0.8586956521739131,0.7215320910973085,0.7463768115942029,0.6086956521739131
generated_adder_4,refactor_z,2,23,0.8346376811594203,0.8478260869565217,0.8420289855072464,0.7391304347826086,0.6521739130434783
generated_adder_4,refactor_z,3,23,0.8417764602547211,0.8369565217391305,0.8825208607817303,0.7028985507246377,0.6956521739130435
generated_adder_4,resub,1,31,1.0,1.0,1.0,1.0,1.0
generated_adder_4,resub,2,31,1.0,1.0,1.0,1.0,1.0
generated_adder_4,resub,3,31,1.0,1.0,1.0,1.0,1.0
generated_adder_4,resyn,1,28,0.936045918367347,0.9553571428571429,0.8959183673469387,1.0,0.8571428571428571
generated_adder_4,resyn,2,28,0.9609693877551021,0.9464285714285714,0.9693877551020408,1.0,0.8928571428571429
generated_adder_4,resyn,3,28,0.9668650793650794,0.9464285714285714,0.9841269841269842,1.0,0.8928571428571429
generated_adder_4,resyn2,1,23,0.7925983436853002,0.8586956521739131,0.7215320910973085,0.7463768115942029,0.6086956521739131
generated_adder_4,resyn2,2,23,0.8346376811594203,0.8478260869565217,0.8420289855072464,0.7391304347826086,0.6521739130434783
generated_adder_4,resyn2,3,23,0.8417764602547211,0.8369565217391305,0.8825208607817303,0.7028985507246377,0.6956521739130435
generated_adder_4,resyn2_like,1,23,0.7925983436853002,0.8586956521739131,0.7215320910973085,0.7463768115942029,0.6086956521739131
generated_adder_4,resyn2_like,2,23,0.8346376811594203,0.8478260869565217,0.8420289855072464,0.7391304347826086,0.6521739130434783
generated_adder_4,resyn2_like,3,23,0.8417764602547211,0.8369565217391305,0.8825208607817303,0.7028985507246377,0.6956521739130435
generated_adder_4,rewrite,1,28,0.936045918367347,0.9553571428571429,0.8959183673469387,1.0,0.8571428571428571
generated_adder_4,rewrite,2,28,0.9609693877551021,0.9464285714285714,0.9693877551020408,1.0,0.8928571428571429
generated_adder_4,rewrite,3,28,0.9668650793650794,0.9464285714285714,0.9841269841269842,1.0,0.8928571428571429
generated_adder_4,rewrite_z,1,28,0.936045918367347,0.9553571428571429,0.8959183673469387,1.0,0.8571428571428571
generated_adder_4,rewrite_z,2,28,0.9609693877551021,0.9464285714285714,0.9693877551020408,1.0,0.8928571428571429
generated_adder_4,rewrite_z,3,28,0.9668650793650794,0.9464285714285714,0.9841269841269842,1.0,0.8928571428571429
generated_adder_8,balance,1,63,1.0,1.0,1.0,1.0,1.0
generated_adder_8,balance,2,63,1.0,1.0,1.0,1.0,1.0
generated_adder_8,balance,3,63,1.0,1.0,1.0,1.0,1.0
generated_adder_8,compress2rs,1,47,0.7742843488791793,0.8558635305851063,0.6752786220871327,0.7624113475177305,0.5531914893617021
generated_adder_8,compress2rs,2,47,0.807099921043883,0.8473913314494681,0.7687943262411348,0.7588652482269503,0.574468085106383
generated_adder_8,compress2rs,3,47,0.8119847913980228,0.8571309840425532,0.7839028583709434,0.6985815602836879,0.5957446808510638
generated_adder_8,dc2,1,47,0.7742843488791793,0.8558635305851063,0.6752786220871327,0.7624113475177305,0.5531914893617021
generated_adder_8,dc2,2,47,0.807099921043883,0.8473913314494681,0.7687943262411348,0.7588652482269503,0.574468085106383
generated_adder_8,dc2,3,47,0.8119847913980228,0.8571309840425532,0.7839028583709434,0.6985815602836879,0.5957446808510638
generated_adder_8,refactor,1,47,0.7742843488791793,0.8558635305851063,0.6752786220871327,0.7624113475177305,0.5531914893617021
generated_adder_8,refactor,2,47,0.807099921043883,0.8473913314494681,0.7687943262411348,0.7588652482269503,0.574468085106383
generated_adder_8,refactor,3,47,0.8119847913980228,0.8571309840425532,0.7839028583709434,0.6985815602836879,0.5957446808510638
generated_adder_8,refactor_z,1,47,0.7742843488791793,0.8558635305851063,0.6752786220871327,0.7624113475177305,0.5531914893617021
generated_adder_8,refactor_z,2,47,0.807099921043883,0.8473913314494681,0.7687943262411348,0.7588652482269503,0.574468085106383
generated_adder_8,refactor_z,3,47,0.8119847913980228,0.8571309840425532,0.7839028583709434,0.6985815602836879,0.5957446808510638
generated_adder_8,resub,1,63,1.0,1.0,1.0,1.0,1.0
generated_adder_8,resub,2,63,1.0,1.0,1.0,1.0,1.0
generated_adder_8,resub,3,63,1.0,1.0,1.0,1.0,1.0
generated_adder_8,resyn,1,56,0.893532901686065,0.9548209054129464,0.7903061224489796,1.0,0.7321428571428571
generated_adder_8,resyn,2,56,0.9186211369313351,0.9428885323660714,0.8709183673469387,0.9880952380952381,0.75
generated_adder_8,resyn,3,56,0.9265014202938833,0.9556405203683036,0.8717029002743288,1.0,0.7678571428571429
generated_adder_8,resyn2,1,47,0.7742843488791793,0.8558635305851063,0.6752786220871327,0.7624113475177305,0.5531914893617021
generated_adder_8,resyn2,2,47,0.807099921043883,0.8473913314494681,0.7687943262411348,0.7588652482269503,0.574468085106383
generated_adder_8,resyn2,3,47,0.8119847913980228,0.8571309840425532,0.7839028583709434,0.6985815602836879,0.5957446808510638
generated_adder_8,resyn2_like,1,47,0.7742843488791793,0.8558635305851063,0.6752786220871327,0.7624113475177305,0.5531914893617021
generated_adder_8,resyn2_like,2,47,0.807099921043883,0.8473913314494681,0.7687943262411348,0.7588652482269503,0.574468085106383
generated_adder_8,resyn2_like,3,47,0.8119847913980228,0.8571309840425532,0.7839028583709434,0.6985815602836879,0.5957446808510638
generated_adder_8,rewrite,1,56,0.893532901686065,0.9548209054129464,0.7903061224489796,1.0,0.7321428571428571
generated_adder_8,rewrite,2,56,0.9186211369313351,0.9428885323660714,0.8709183673469387,0.9880952380952381,0.75
generated_adder_8,rewrite,3,56,0.9265014202938833,0.9556405203683036,0.8717029002743288,1.0,0.7678571428571429
generated_adder_8,rewrite_z,1,56,0.893532901686065,0.9548209054129464,0.7903061224489796,1.0,0.7321428571428571
generated_adder_8,rewrite_z,2,56,0.9186211369313351,0.9428885323660714,0.8709183673469387,0.9880952380952381,0.75
generated_adder_8,rewrite_z,3,56,0.9265014202938833,0.9556405203683036,0.8717029002743288,1.0,0.7678571428571429
generated_multiplier_2,balance,1,8,1.0,1.0,1.0,1.0,1.0
generated_multiplier_2,balance,2,8,1.0,1.0,1.0,1.0,1.0
generated_multiplier_2,balance,3,8,1.0,1.0,1.0,1.0,1.0
generated_multiplier_2,compress2rs,1,4,0.921875,0.84375,1.0,1.0,0.75
generated_multiplier_2,compress2rs,2,4,0.921875,0.84375,1.0,1.0,0.75
generated_multiplier_2,compress2rs,3,4,0.921875,0.84375,1.0,1.0,0.75
generated_multiplier_2,dc2,1,4,0.8453125,0.765625,0.9375,0.875,0.5
generated_multiplier_2,dc2,2,4,0.8546875,0.796875,0.9375,0.8125,0.5
generated_multiplier_2,dc2,3,4,0.8546875,0.796875,0.9375,0.8125,0.5
generated_multiplier_2,refactor,1,6,0.8854166666666666,0.7708333333333334,1.0,1.0,0.6666666666666666
generated_multiplier_2,refactor,2,6,0.8854166666666666,0.7708333333333334,1.0,1.0,0.6666666666666666
generated_multiplier_2,refactor,3,6,0.8854166666666666,0.7708333333333334,1.0,1.0,0.6666666666666666
generated_multiplier_2,refactor_z,1,6,0.8854166666666666,0.7708333333333334,1.0,1.0,0.6666666666666666
generated_multiplier_2,refactor_z,2,6,0.8854166666666666,0.7708333333333334,1.0,1.0,0.6666666666666666
generated_multiplier_2,refactor_z,3,6,0.8854166666666666,0.7708333333333334,1.0,1.0,0.6666666666666666
generated_multiplier_2,resub,1,5,1.0,1.0,1.0,1.0,1.0
generated_multiplier_2,resub,2,5,1.0,1.0,1.0,1.0,1.0
generated_multiplier_2,resub,3,5,1.0,1.0,1.0,1.0,1.0
generated_multiplier_2,resyn,1,5,1.0,1.0,1.0,1.0,1.0
generated_multiplier_2,resyn,2,5,1.0,1.0,1.0,1.0,1.0
generated_multiplier_2,resyn,3,5,1.0,1.0,1.0,1.0,1.0
generated_multiplier_2,resyn2,1,4,0.921875,0.84375,1.0,1.0,0.75
generated_multiplier_2,resyn2,2,4,0.921875,0.84375,1.0,1.0,0.75
generated_multiplier_2,resyn2,3,4,0.921875,0.84375,1.0,1.0,0.75
generated_multiplier_2,resyn2_like,1,4,0.921875,0.84375,1.0,1.0,0.75
generated_multiplier_2,resyn2_like,2,4,0.921875,0.84375,1.0,1.0,0.75
generated_multiplier_2,resyn2_like,3,4,0.921875,0.84375,1.0,1.0,0.75
generated_multiplier_2,rewrite,1,5,1.0,1.0,1.0,1.0,1.0
generated_multiplier_2,rewrite,2,5,1.0,1.0,1.0,1.0,1.0
generated_multiplier_2,rewrite,3,5,1.0,1.0,1.0,1.0,1.0
generated_multiplier_2,rewrite_z,1,5,1.0,1.0,1.0,1.0,1.0
generated_multiplier_2,rewrite_z,2,5,1.0,1.0,1.0,1.0,1.0
generated_multiplier_2,rewrite_z,3,5,1.0,1.0,1.0,1.0,1.0
generated_multiplier_4,balance,1,112,0.9437885974702381,0.9928152901785714,0.868452380952381,1.0,0.8928571428571429
generated_multiplier_4,balance,2,112,0.9290718227395125,0.99462890625,0.8293934240362811,1.0,0.8392857142857143
generated_multiplier_4,balance,3,112,0.9247338760846896,0.9928152901785714,0.8267679584408908,0.9761904761904762,0.8482142857142857
generated_multiplier_4,compress2rs,1,75,0.7176544146825397,0.9090104166666667,0.41009523809523807,0.9911111111111112,0.22666666666666666
generated_multiplier_4,compress2rs,2,75,0.751632298026048,0.9328125,0.47184289784289785,0.9648888888888889,0.28
generated_multiplier_4,compress2rs,3,75,0.7600329090231663,0.9286979166666667,0.537404321169027,0.8072222222222222,0.29333333333333333
generated_multiplier_4,dc2,1,82,0.7074114401858305,0.9222560975609756,0.3677409988385598,0.991869918699187,0.23170731707317074
generated_multiplier_4,dc2,2,82,0.7334374027056954,0.9207317073170732,0.4516829376585474,0.9239837398373983,0.24390243902439024
generated_multiplier_4,dc2,3,82,0.746034473136819,0.9309737042682927,0.5035213463510488,0.791390824622532,0.2804878048780488
generated_multiplier_4,refactor,1,100,0.7633706473214286,0.9483984375,0.4729285714285714,1.0,0.3
generated_multiplier_4,refactor,2,100,0.7874842314803252,0.9655078125,0.5147424797424798,0.9883333333333333,0.37
generated_multiplier_4,refactor,3,100,0.818346542582454,0.968515625,0.6029926585394684,0.9289166666666666,0.39
generated_multiplier_4,refactor_z,1,100,0.7470254464285714,0.91359375,0.4755714285714286,1.0,0.27
generated_multiplier_4,refactor_z,2,100,0.7544110778110777,0.925,0.4920276945276945,0.951,0.29
generated_multiplier_4,refactor_z,3,100,0.7810503665941294,0.931484375,0.5841186620210378,0.8166071428571429,0.32
generated_multiplier_4,resub,1,101,0.7889454782531824,0.9662360767326733,0.5145685997171145,1.0,0.32673267326732675
generated_multiplier_4,resub,2,101,0.8091749854930548,0.9935024752475248,0.5372474884851123,0.9752475247524752,0.37623762376237624
generated_multiplier_4,resub,3,101,0.8309241223301168,0.9964418316831684,0.5984836173528734,0.9330975954738331,0.42574257425742573
generated_multiplier_4,resyn,1,83,0.7192125197217442,0.9289815512048193,0.38881239242685023,0.9919678714859438,0.25301204819277107
generated_multiplier_4,resyn,2,83,0.7457823318958484,0.9401826054216867,0.45810307497054487,0.9244979919678715,0.26506024096385544
generated_multiplier_4,resyn,3,83,0.7597239747760367,0.9421121987951807,0.5162695163290761,0.8216006884681584,0.30120481927710846
generated_multiplier_4,resyn2,1,82,0.708938144236353,0.9283060213414634,0.36399535423925666,0.991869918699187,0.23170731707317074
generated_multiplier_4,resyn2,2,82,0.738877703851027,0.9266387195121951,0.45393651064382773,0.9398373983739837,0.24390243902439024
generated_multiplier_4,resyn2,3,82,0.7525948567244175,0.9304020579268293,0.5116974033165606,0.8271486643437863,0.2804878048780488
generated_multiplier_4,resyn2_like,1,82,0.708938144236353,0.9283060213414634,0.36399535423925666,0.991869918699187,0.23170731707317074
generated_multiplier_4,resyn2_like,2,82,0.738877703851027,0.9266387195121951,0.45393651064382773,0.9398373983739837,0.24390243902439024
generated_multiplier_4,resyn2_like,3,82,0.7525948567244175,0.9304020579268293,0.5116974033165606,0.8271486643437863,0.2804878048780488
generated_multiplier_4,rewrite,1,85,0.7651523546918767,0.9528033088235294,0.4718767507002801,1.0,0.3176470588235294
generated_multiplier_4,rewrite,2,85,0.7806541390594699,0.9602481617647058,0.5140702434820081,0.9490196078431372,0.3176470588235294
generated_multiplier_4,rewrite,3,85,0.7963593862349759,0.9625919117647059,0.5754036739207731,0.8490196078431372,0.32941176470588235
generated_multiplier_4,rewrite_z,1,91,0.7364528142987964,0.9239783653846154,0.4379905808477237,0.9926739926739927,0.25274725274725274
generated_multiplier_4,rewrite_z,2,91,0.7644027789022638,0.9271548763736264,0.5201036448289196,0.9278388278388279,0.2967032967032967
generated_multiplier_4,rewrite_z,3,91,0.7795626294208924,0.927240728021978,0.5858230889564696,0.8161302982731554,0.32967032967032966
generated_mux_tree_16,balance,1,44,0.8560614568536932,0.9884865500710227,0.6545454545454545,1.0,0.5454545454545454
generated_mux_tree_16,balance,2,44,0.9151515151515152,1.0,0.7878787878787878,1.0,0.7272727272727273
generated_mux_tree_16,balance,3,44,0.9418181818181818,1.0,0.8545454545454545,1.0,0.8181818181818182
generated_mux_tree_16,compress2rs,1,44,0.6518722256747159,0.66192626953125,0.6090909090909091,0.7727272727272727,0.0
generated_mux_tree_16,compress2rs,2,44,0.7401463839708469,0.7056607333096591,0.7713203463203463,0.7878787878787878,0.18181818181818182
generated_mux_tree_16,compress2rs,3,44,0.7600403790003399,0.7045232599431818,0.8324203574203575,0.7481060606060606,0.18181818181818182
generated_mux_tree_16,dc2,1,44,0.576614990234375,0.74822998046875,0.2818181818181818,0.8977272727272727,0.0
generated_mux_tree_16,dc2,2,44,0.585327590568069,0.7602150656960227,0.3255501443001443,0.75,0.0
generated_mux_tree_16,dc2,3,44,0.5827545250086088,0.7569691051136364,0.33453856749311295,0.7045454545454546,0.0
generated_mux_tree_16,refactor,1,44,0.8560614568536932,0.9884865500710227,0.6545454545454545,1.0,0.5454545454545454
generated_mux_tree_16,refactor,2,44,0.9151515151515152,1.0,0.7878787878787878,1.0,0.7272727272727273
generated_mux_tree_16,refactor,3,44,0.9418181818181818,1.0,0.8545454545454545,1.0,0.8181818181818182
generated_mux_tree_16,refactor_z,1,44,0.8309854403409092,0.9178799715909091,0.6886363636363636,0.9659090909090909,0.5454545454545454
generated_mux_tree_16,refactor_z,2,44,0.8621472044665404,0.8689408735795454,0.8277146464646464,0.9659090909090909,0.5681818181818182
generated_mux_tree_16,refactor_z,3,44,0.8678604403409091,0.8866299715909091,0.8303030303030303,0.9242424242424242,0.5454545454545454
generated_mux_tree_16,resub,1,44,0.8560614568536932,0.9884865500710227,0.6545454545454545,1.0,0.5454545454545454
generated_mux_tree_16,resub,2,44,0.9151515151515152,1.0,0.7878787878787878,1.0,0.7272727272727273
generated_mux_tree_16,resub,3,44,0.9418181818181818,1.0,0.8545454545454545,1.0,0.8181818181818182
generated_mux_tree_16,resyn,1,44,0.6672608531605114,0.6972489790482954,0.6090909090909091,0.75,0.0
generated_mux_tree_16,resyn,2,44,0.7614904890844832,0.7451671253551136,0.7752976190476191,0.7878787878787878,0.18181818181818182
generated_mux_tree_16,resyn,3,44,0.7649205063328599,0.7328713156960227,0.8068181818181818,0.7575757575757576,0.18181818181818182
generated_mux_tree_16,resyn2,1,44,0.6518722256747159,0.66192626953125,0.6090909090909091,0.7727272727272727,0.0
generated_mux_tree_16,resyn2,2,44,0.7401463839708469,0.7056607333096591,0.7713203463203463,0.7878787878787878,0.18181818181818182
generated_mux_tree_16,resyn2,3,44,0.7600403790003399,0.7045232599431818,0.8324203574203575,0.7481060606060606,0.18181818181818182
generated_mux_tree_16,resyn2_like,1,44,0.6518722256747159,0.66192626953125,0.6090909090909091,0.7727272727272727,0.0
generated_mux_tree_16,resyn2_like,2,44,0.7401463839708469,0.7056607333096591,0.7713203463203463,0.7878787878787878,0.18181818181818182
generated_mux_tree_16,resyn2_like,3,44,0.7600403790003399,0.7045232599431818,0.8324203574203575,0.7481060606060606,0.18181818181818182
generated_mux_tree_16,rewrite,1,44,0.8560614568536932,0.9884865500710227,0.6545454545454545,1.0,0.5454545454545454
generated_mux_tree_16,rewrite,2,44,0.9151515151515152,1.0,0.7878787878787878,1.0,0.7272727272727273
generated_mux_tree_16,rewrite,3,44,0.9418181818181818,1.0,0.8545454545454545,1.0,0.8181818181818182
generated_mux_tree_16,rewrite_z,1,44,0.6604962713068182,0.7219016335227273,0.55,0.7954545454545454,0.0
generated_mux_tree_16,rewrite_z,2,44,0.753812863568723,0.7590110085227273,0.7425865800865801,0.7727272727272727,0.18181818181818182
generated_mux_tree_16,rewrite_z,3,44,0.7933557005602905,0.7668124112215909,0.8297979797979798,0.7803030303030303,0.2727272727272727
generated_mux_tree_4,balance,1,8,0.92875,0.9375,0.9,1.0,0.75
generated_mux_tree_4,balance,2,8,1.0,1.0,1.0,1.0,1.0
generated_mux_tree_4,balance,3,8,1.0,1.0,1.0,1.0,1.0
generated_mux_tree_4,compress2rs,1,8,0.70625,0.5625,0.8541666666666666,0.8333333333333334,0.0
generated_mux_tree_4,compress2rs,2,8,0.74375,0.5625,0.9375,0.875,0.0
generated_mux_tree_4,compress2rs,3,8,0.74375,0.5625,0.9375,0.875,0.0
generated_mux_tree_4,dc2,1,8,0.8434375000000001,0.859375,0.8,0.9375,0.625
generated_mux_tree_4,dc2,2,8,0.8932291666666666,0.828125,0.96875,0.9166666666666666,0.625
generated_mux_tree_4,dc2,3,8,0.8932291666666666,0.828125,0.96875,0.9166666666666666,0.625
generated_mux_tree_4,refactor,1,8,0.92875,0.9375,0.9,1.0,0.75
generated_mux_tree_4,refactor,2,8,1.0,1.0,1.0,1.0,1.0
generated_mux_tree_4,refactor,3,8,1.0,1.0,1.0,1.0,1.0
generated_mux_tree_4,refactor_z,1,8,0.70625,0.5625,0.8541666666666666,0.8333333333333334,0.0
generated_mux_tree_4,refactor_z,2,8,0.74375,0.5625,0.9375,0.875,0.0
generated_mux_tree_4,refactor_z,3,8,0.74375,0.5625,0.9375,0.875,0.0
generated_mux_tree_4,resub,1,8,0.92875,0.9375,0.9,1.0,0.75
generated_mux_tree_4,resub,2,8,1.0,1.0,1.0,1.0,1.0
generated_mux_tree_4,resub,3,8,1.0,1.0,1.0,1.0,1.0
generated_mux_tree_4,resyn,1,8,0.6864583333333334,0.65625,0.7083333333333334,0.75,0.0
generated_mux_tree_4,resyn,2,8,0.8177083333333334,0.71875,0.9375,0.8333333333333334,0.25
generated_mux_tree_4,resyn,3,8,0.8177083333333334,0.71875,0.9375,0.8333333333333334,0.25
generated_mux_tree_4,resyn2,1,8,0.70625,0.5625,0.8541666666666666,0.8333333333333334,0.0
generated_mux_tree_4,resyn2,2,8,0.74375,0.5625,0.9375,0.875,0.0
generated_mux_tree_4,resyn2,3,8,0.74375,0.5625,0.9375,0.875,0.0
generated_mux_tree_4,resyn2_like,1,8,0.70625,0.5625,0.8541666666666666,0.8333333333333334,0.0
generated_mux_tree_4,resyn2_like,2,8,0.74375,0.5625,0.9375,0.875,0.0
generated_mux_tree_4,resyn2_like,3,8,0.74375,0.5625,0.9375,0.875,0.0
generated_mux_tree_4,rewrite,1,8,0.92875,0.9375,0.9,1.0,0.75
generated_mux_tree_4,rewrite,2,8,1.0,1.0,1.0,1.0,1.0
generated_mux_tree_4,rewrite,3,8,1.0,1.0,1.0,1.0,1.0
generated_mux_tree_4,rewrite_z,1,8,0.6864583333333334,0.65625,0.7083333333333334,0.75,0.0
generated_mux_tree_4,rewrite_z,2,8,0.8177083333333334,0.71875,0.9375,0.8333333333333334,0.25
generated_mux_tree_4,rewrite_z,3,8,0.8177083333333334,0.71875,0.9375,0.8333333333333334,0.25
generated_mux_tree_8,balance,1,20,0.8755000000000001,0.975,0.72,1.0,0.6
generated_mux_tree_8,balance,2,20,0.9377777777777778,1.0,0.8444444444444444,1.0,0.8
generated_mux_tree_8,balance,3,20,0.968,1.0,0.92,1.0,0.9
generated_mux_tree_8,compress2rs,1,20,0.7423333333333333,0.8,0.6433333333333333,0.85,0.4
generated_mux_tree_8,compress2rs,2,20,0.787281746031746,0.7625,0.8234126984126984,0.7666666666666666,0.4
generated_mux_tree_8,compress2rs,3,20,0.8052777777777778,0.775,0.8611111111111112,0.7333333333333333,0.4
generated_mux_tree_8,dc2,1,20,0.5556249999999999,0.73125,0.3333333333333333,0.5666666666666667,0.0
generated_mux_tree_8,dc2,2,20,0.550297619047619,0.6625,0.3892857142857143,0.6333333333333333,0.0
generated_mux_tree_8,dc2,3,20,0.5535119047619047,0.6625,0.4125,0.5726190476190476,0.0
generated_mux_tree_8,refactor,1,20,0.8755000000000001,0.975,0.72,1.0,0.6
generated_mux_tree_8,refactor,2,20,0.9377777777777778,1.0,0.8444444444444444,1.0,0.8
generated_mux_tree_8,refactor,3,20,0.968,1.0,0.92,1.0,0.9
generated_mux_tree_8,refactor_z,1,20,0.83675,0.8625,0.795,0.875,0.6
generated_mux_tree_8,refactor_z,2,20,0.8646785714285714,0.8375,0.8835714285714286,0.925,0.6
generated_mux_tree_8,refactor_z,3,20,0.8717857142857143,0.825,0.919047619047619,0.9166666666666666,0.6
generated_mux_tree_8,resub,1,20,0.8755000000000001,0.975,0.72,1.0,0.6
generated_mux_tree_8,resub,2,20,0.9377777777777778,1.0,0.8444444444444444,1.0,0.8
generated_mux_tree_8,resub,3,20,0.968,1.0,0.92,1.0,0.9
generated_mux_tree_8,resyn,1,20,0.6771666666666667,0.725,0.5866666666666667,0.8,0.0
generated_mux_tree_8,resyn,2,20,0.7765,0.775,0.7725,0.8,0.2
generated_mux_tree_8,resyn,3,20,0.8147727272727273,0.775,0.8681818181818182,0.8,0.3
generated_mux_tree_8,resyn2,1,20,0.7423333333333333,0.8,0.6433333333333333,0.85,0.4
generated_mux_tree_8,resyn2,2,20,0.787281746031746,0.7625,0.8234126984126984,0.7666666666666666,0.4
generated_mux_tree_8,resyn2,3,20,0.8052777777777778,0.775,0.8611111111111112,0.7333333333333333,0.4
generated_mux_tree_8,resyn2_like,1,20,0.7423333333333333,0.8,0.6433333333333333,0.85,0.4
generated_mux_tree_8,resyn2_like,2,20,0.787281746031746,0.7625,0.8234126984126984,0.7666666666666666,0.4
generated_mux_tree_8,resyn2_like,3,20,0.8052777777777778,0.775,0.8611111111111112,0.7333333333333333,0.4
generated_mux_tree_8,rewrite,1,20,0.8755000000000001,0.975,0.72,1.0,0.6
generated_mux_tree_8,rewrite,2,20,0.9377777777777778,1.0,0.8444444444444444,1.0,0.8
generated_mux_tree_8,rewrite,3,20,0.968,1.0,0.92,1.0,0.9
generated_mux_tree_8,rewrite_z,1,20,0.6771666666666667,0.725,0.5866666666666667,0.8,0.0
generated_mux_tree_8,rewrite_z,2,20,0.7765,0.775,0.7725,0.8,0.2
generated_mux_tree_8,rewrite_z,3,20,0.8147727272727273,0.775,0.8681818181818182,0.8,0.3
generated_random_medium,balance,1,17,1.0,1.0,1.0,1.0,1.0
generated_random_medium,balance,2,17,1.0,1.0,1.0,1.0,1.0
generated_random_medium,balance,3,17,1.0,1.0,1.0,1.0,1.0
generated_random_medium,compress2rs,1,17,0.7577751198135504,0.8276510799632353,0.6711484593837534,0.7549019607843137,0.5294117647058824
generated_random_medium,compress2rs,2,17,0.7763094554227942,0.8314424402573529,0.7568627450980392,0.5784313725490196,0.47058823529411764
generated_random_medium,compress2rs,3,17,0.81162247764873,0.832763671875,0.827807486631016,0.6411764705882352,0.7058823529411765
generated_random_medium,dc2,1,17,0.789441348805147,0.8694709329044118,0.6980392156862745,0.7549019607843137,0.6470588235294118
generated_random_medium,dc2,2,17,0.8403465565913866,0.8617015165441176,0.8546218487394958,0.6764705882352942,0.7058823529411765
generated_random_medium,dc2,3,17,0.8423647857580532,0.8324046415441176,0.8781512605042017,0.7490196078431373,0.7647058823529411
generated_random_medium,refactor,1,17,1.0,1.0,1.0,1.0,1.0
generated_random_medium,refactor,2,17,1.0,1.0,1.0,1.0,1.0
generated_random_medium,refactor,3,17,1.0,1.0,1.0,1.0,1.0
generated_random_medium,refactor_z,1,17,0.8718060661764706,0.8494944852941176,0.9117647058823529,0.8235294117647058,0.7647058823529411
generated_random_medium,refactor_z,2,17,0.919958256740196,0.8948184742647058,1.0,0.7254901960784313,1.0
generated_random_medium,refactor_z,3,17,0.919958256740196,0.8948184742647058,1.0,0.7254901960784313,1.0
generated_random_medium,resub,1,17,1.0,1.0,1.0,1.0,1.0
generated_random_medium,resub,2,17,1.0,1.0,1.0,1.0,1.0
generated_random_medium,resub,3,17,1.0,1.0,1.0,1.0,1.0
generated_random_medium,resyn,1,17,0.7999770767682073,0.8759765625,0.6868347338935574,0.8725490196078431,0.5882352941176471
generated_random_medium,resyn,2,17,0.8339183818058473,0.8849235983455882,0.8046218487394958,0.696078431372549,0.5882352941176471
generated_random_medium,resyn,3,17,0.8525341796875,0.8862448299632353,0.8411764705882353,0.7294117647058823,0.7058823529411765
generated_random_medium,resyn2,1,17,0.7577751198135504,0.8276510799632353,0.6711484593837534,0.7549019607843137,0.5294117647058824
generated_random_medium,resyn2,2,17,0.7763094554227942,0.8314424402573529,0.7568627450980392,0.5784313725490196,0.47058823529411764
generated_random_medium,resyn2,3,17,0.81162247764873,0.832763671875,0.827807486631016,0.6411764705882352,0.7058823529411765
generated_random_medium,resyn2_like,1,17,0.7577751198135504,0.8276510799632353,0.6711484593837534,0.7549019607843137,0.5294117647058824
generated_random_medium,resyn2_like,2,17,0.7763094554227942,0.8314424402573529,0.7568627450980392,0.5784313725490196,0.47058823529411764
generated_random_medium,resyn2_like,3,17,0.81162247764873,0.832763671875,0.827807486631016,0.6411764705882352,0.7058823529411765
generated_random_medium,rewrite,1,17,1.0,1.0,1.0,1.0,1.0
generated_random_medium,rewrite,2,17,1.0,1.0,1.0,1.0,1.0
generated_random_medium,rewrite,3,17,1.0,1.0,1.0,1.0,1.0
generated_random_medium,rewrite_z,1,17,0.8296376187193627,0.8796673943014706,0.7637254901960784,0.8431372549019608,0.5882352941176471
generated_random_medium,rewrite_z,2,17,0.880581724877451,0.8886144301470589,0.9117647058823529,0.7156862745098039,0.7058823529411765
generated_random_medium,rewrite_z,3,17,0.8884972426470589,0.8899356617647058,0.9117647058823529,0.788235294117647,0.8235294117647058
generated_xor_chain_16,balance,1,44,1.0,1.0,1.0,1.0,1.0
generated_xor_chain_16,balance,2,44,1.0,1.0,1.0,1.0,1.0
generated_xor_chain_16,balance,3,44,1.0,1.0,1.0,1.0,1.0
generated_xor_chain_16,compress2rs,1,44,0.6014921431107955,0.6157115589488636,0.5068181818181818,0.9090909090909091,0.11363636363636363
generated_xor_chain_16,compress2rs,2,44,0.6003533750591856,0.6467673561789773,0.4765151515151515,0.8636363636363636,0.06818181818181818
generated_xor_chain_16,compress2rs,3,44,0.5713769161339962,0.6105568625710227,0.4575757575757576,0.8306818181818182,0.06818181818181818
generated_xor_chain_16,dc2,1,44,0.5464047703598485,0.6449307528409091,0.3893939393939394,0.6818181818181818,0.06818181818181818
generated_xor_chain_16,dc2,2,44,0.5349233229335768,0.6507124467329546,0.4196969696969697,0.41688311688311686,0.06818181818181818
generated_xor_chain_16,dc2,3,44,0.5006797378782242,0.6511285955255682,0.3672979797979798,0.28196248196248197,0.06818181818181818
generated_xor_chain_16,refactor,1,44,1.0,1.0,1.0,1.0,1.0
generated_xor_chain_16,refactor,2,44,1.0,1.0,1.0,1.0,1.0
generated_xor_chain_16,refactor,3,44,1.0,1.0,1.0,1.0,1.0
generated_xor_chain_16,refactor_z,1,44,0.987078857421875,0.9832486239346591,1.0,0.9545454545454546,1.0
generated_xor_chain_16,refactor_z,2,44,0.987078857421875,0.9832486239346591,1.0,0.9545454545454546,1.0
generated_xor_chain_16,refactor_z,3,44,0.987078857421875,0.9832486239346591,1.0,0.9545454545454546,1.0
generated_xor_chain_16,resub,1,44,1.0,1.0,1.0,1.0,1.0
generated_xor_chain_16,resub,2,44,1.0,1.0,1.0,1.0,1.0
generated_xor_chain_16,resub,3,44,1.0,1.0,1.0,1.0,1.0
generated_xor_chain_16,resyn,1,44,0.6143522505326704,0.6323408647017046,0.5068181818181818,0.9545454545454546,0.11363636363636363
generated_xor_chain_16,resyn,2,44,0.613377167672822,0.6637240323153409,0.4765151515151515,0.9090909090909091,0.06818181818181818
generated_xor_chain_16,resyn,3,44,0.5839096531723484,0.6265314275568182,0.4575757575757576,0.8761363636363636,0.06818181818181818
generated_xor_chain_16,resyn2,1,44,0.6014921431107955,0.6157115589488636,0.5068181818181818,0.9090909090909091,0.11363636363636363
generated_xor_chain_16,resyn2,2,44,0.6003533750591856,0.6467673561789773,0.4765151515151515,0.8636363636363636,0.06818181818181818
generated_xor_chain_16,resyn2,3,44,0.5713769161339962,0.6105568625710227,0.4575757575757576,0.8306818181818182,0.06818181818181818
generated_xor_chain_16,resyn2_like,1,44,0.6014921431107955,0.6157115589488636,0.5068181818181818,0.9090909090909091,0.11363636363636363
generated_xor_chain_16,resyn2_like,2,44,0.6003533750591856,0.6467673561789773,0.4765151515151515,0.8636363636363636,0.06818181818181818
generated_xor_chain_16,resyn2_like,3,44,0.5713769161339962,0.6105568625710227,0.4575757575757576,0.8306818181818182,0.06818181818181818
generated_xor_chain_16,rewrite,1,44,1.0,1.0,1.0,1.0,1.0
generated_xor_chain_16,rewrite,2,44,1.0,1.0,1.0,1.0,1.0
generated_xor_chain_16,rewrite,3,44,1.0,1.0,1.0,1.0,1.0
generated_xor_chain_16,rewrite_z,1,44,0.6143522505326704,0.6323408647017046,0.5068181818181818,0.9545454545454546,0.11363636363636363
generated_xor_chain_16,rewrite_z,2,44,0.613377167672822,0.6637240323153409,0.4765151515151515,0.9090909090909091,0.06818181818181818
generated_xor_chain_16,rewrite_z,3,44,0.5839096531723484,0.6265314275568182,0.4575757575757576,0.8761363636363636,0.06818181818181818
generated_xor_chain_32,balance,1,92,1.0,1.0,1.0,1.0,1.0
generated_xor_chain_32,balance,2,92,1.0,1.0,1.0,1.0,1.0
generated_xor_chain_32,balance,3,92,1.0,1.0,1.0,1.0,1.0
generated_xor_chain_32,compress2rs,1,92,0.5857096884907155,0.6006947393002717,0.4742753623188406,0.9565217391304348,0.05434782608695652
generated_xor_chain_32,compress2rs,2,92,0.575777393285779,0.6570620329483695,0.3844202898550725,0.9347826086956522,0.03260869565217391
generated_xor_chain_32,compress2rs,3,92,0.5392078698199728,0.5989592179008152,0.3695652173913043,0.9190217391304348,0.03260869565217391
generated_xor_chain_32,dc2,1,92,0.5374535248245018,0.6230229916779891,0.38007246376811593,0.7391304347826086,0.03260869565217391
generated_xor_chain_32,dc2,2,92,0.5151901491532415,0.6339827827785326,0.3695652173913043,0.5037267080745341,0.03260869565217391
generated_xor_chain_32,dc2,3,92,0.48216641106878666,0.6320933466372283,0.3265010351966874,0.3551932367149758,0.03260869565217391
generated_xor_chain_32,refactor,1,92,1.0,1.0,1.0,1.0,1.0
generated_xor_chain_32,refactor,2,92,1.0,1.0,1.0,1.0,1.0
generated_xor_chain_32,refactor,3,92,1.0,1.0,1.0,1.0,1.0
generated_xor_chain_32,refactor_z,1,92,0.9938203231148098,0.991988472316576,1.0,0.9782608695652174,1.0
generated_xor_chain_32,refactor_z,2,92,0.9938203231148098,0.991988472316576,1.0,0.9782608695652174,1.0
generated_xor_chain_32,refactor_z,3,92,0.9938203231148098,0.991988472316576,1.0,0.9782608695652174,1.0
generated_xor_chain_32,resub,1,92,1.0,1.0,1.0,1.0,1.0
generated_xor_chain_32,resub,2,92,1.0,1.0,1.0,1.0,1.0
generated_xor_chain_32,resub,3,92,1.0,1.0,1.0,1.0,1.0
generated_xor_chain_32,resyn,1,92,0.5918601746490035,0.6086478855298914,0.4742753623188406,0.9782608695652174,0.05434782608695652
generated_xor_chain_32,resyn,2,92,0.5820061636662138,0.6651717476222826,0.3844202898550725,0.9565217391304348,0.03260869565217391
generated_xor_chain_32,resyn,3,92,0.5452017875339674,0.6065992272418478,0.3695652173913043,0.9407608695652174,0.03260869565217391
generated_xor_chain_32,resyn2,1,92,0.5857096884907155,0.6006947393002717,0.4742753623188406,0.9565217391304348,0.05434782608695652
generated_xor_chain_32,resyn2,2,92,0.575777393285779,0.6570620329483695,0.3844202898550725,0.9347826086956522,0.03260869565217391
generated_xor_chain_32,resyn2,3,92,0.5392078698199728,0.5989592179008152,0.3695652173913043,0.9190217391304348,0.03260869565217391
generated_xor_chain_32,resyn2_like,1,92,0.5857096884907155,0.6006947393002717,0.4742753623188406,0.9565217391304348,0.05434782608695652
generated_xor_chain_32,resyn2_like,2,92,0.575777393285779,0.6570620329483695,0.3844202898550725,0.9347826086956522,0.03260869565217391
generated_xor_chain_32,resyn2_like,3,92,0.5392078698199728,0.5989592179008152,0.3695652173913043,0.9190217391304348,0.03260869565217391
generated_xor_chain_32,rewrite,1,92,1.0,1.0,1.0,1.0,1.0
generated_xor_chain_32,rewrite,2,92,1.0,1.0,1.0,1.0,1.0
generated_xor_chain_32,rewrite,3,92,1.0,1.0,1.0,1.0,1.0
generated_xor_chain_32,rewrite_z,1,92,0.5918601746490035,0.6086478855298914,0.4742753623188406,0.9782608695652174,0.05434782608695652
generated_xor_chain_32,rewrite_z,2,92,0.5820061636662138,0.6651717476222826,0.3844202898550725,0.9565217391304348,0.03260869565217391
generated_xor_chain_32,rewrite_z,3,92,0.5452017875339674,0.6065992272418478,0.3695652173913043,0.9407608695652174,0.03260869565217391
generated_xor_chain_8,balance,1,20,1.0,1.0,1.0,1.0,1.0
generated_xor_chain_8,balance,2,20,1.0,1.0,1.0,1.0,1.0
generated_xor_chain_8,balance,3,20,1.0,1.0,1.0,1.0,1.0
generated_xor_chain_8,compress2rs,1,20,0.6376666666666666,0.65,0.5816666666666667,0.8,0.25
generated_xor_chain_8,compress2rs,2,20,0.6400833333333333,0.6375,0.6283333333333333,0.7,0.15
generated_xor_chain_8,compress2rs,3,20,0.6059166666666667,0.625,0.5766666666666667,0.6275,0.15
generated_xor_chain_8,dc2,1,20,0.5461666666666667,0.625,0.37166666666666665,0.85,0.0
generated_xor_chain_8,dc2,2,20,0.54625,0.6375,0.3875,0.725,0.0
generated_xor_chain_8,dc2,3,20,0.5215,0.65,0.3333333333333333,0.6316666666666667,0.0
generated_xor_chain_8,refactor,1,20,1.0,1.0,1.0,1.0,1.0
generated_xor_chain_8,refactor,2,20,1.0,1.0,1.0,1.0,1.0
generated_xor_chain_8,refactor,3,20,1.0,1.0,1.0,1.0,1.0
generated_xor_chain_8,refactor_z,1,20,0.97125,0.9625,1.0,0.9,1.0
generated_xor_chain_8,refactor_z,2,20,0.97125,0.9625,1.0,0.9,1.0
generated_xor_chain_8,refactor_z,3,20,0.97125,0.9625,1.0,0.9,1.0
generated_xor_chain_8,resub,1,20,1.0,1.0,1.0,1.0,1.0
generated_xor_chain_8,resub,2,20,1.0,1.0,1.0,1.0,1.0
generated_xor_chain_8,resub,3,20,1.0,1.0,1.0,1.0,1.0
generated_xor_chain_8,resyn,1,20,0.6664166666666667,0.6875,0.5816666666666667,0.9,0.25
generated_xor_chain_8,resyn,2,20,0.6688333333333333,0.675,0.6283333333333333,0.8,0.15
generated_xor_chain_8,resyn,3,20,0.6346666666666667,0.6625,0.5766666666666667,0.7275,0.15
generated_xor_chain_8,resyn2,1,20,0.6376666666666666,0.65,0.5816666666666667,0.8,0.25
generated_xor_chain_8,resyn2,2,20,0.6400833333333333,0.6375,0.6283333333333333,0.7,0.15
generated_xor_chain_8,resyn2,3,20,0.6059166666666667,0.625,0.5766666666666667,0.6275,0.15
generated_xor_chain_8,resyn2_like,1,20,0.6376666666666666,0.65,0.5816666666666667,0.8,0.25
generated_xor_chain_8,resyn2_like,2,20,0.6400833333333333,0.6375,0.6283333333333333,0.7,0.15
generated_xor_chain_8,resyn2_like,3,20,0.6059166666666667,0.625,0.5766666666666667,0.6275,0.15
generated_xor_chain_8,rewrite,1,20,1.0,1.0,1.0,1.0,1.0
generated_xor_chain_8,rewrite,2,20,1.0,1.0,1.0,1.0,1.0
generated_xor_chain_8,rewrite,3,20,1.0,1.0,1.0,1.0,1.0
generated_xor_chain_8,rewrite_z,1,20,0.6664166666666667,0.6875,0.5816666666666667,0.9,0.25
generated_xor_chain_8,rewrite_z,2,20,0.6688333333333333,0.675,0.6283333333333333,0.8,0.15
generated_xor_chain_8,rewrite_z,3,20,0.6346666666666667,0.6625,0.5766666666666667,0.7275,0.15
majority3,balance,1,4,0.96875,0.9375,1.0,1.0,1.0
majority3,balance,2,4,0.96875,0.9375,1.0,1.0,1.0
majority3,balance,3,4,0.96875,0.9375,1.0,1.0,1.0
majority3,compress2rs,1,3,0.8583333333333334,0.75,1.0,0.8333333333333334,0.6666666666666666
majority3,compress2rs,2,3,0.8583333333333334,0.75,1.0,0.8333333333333334,0.6666666666666666
majority3,compress2rs,3,3,0.8583333333333334,0.75,1.0,0.8333333333333334,0.6666666666666666
majority3,dc2,1,3,0.8583333333333334,0.75,1.0,0.8333333333333334,0.6666666666666666
majority3,dc2,2,3,0.8583333333333334,0.75,1.0,0.8333333333333334,0.6666666666666666
majority3,dc2,3,3,0.8583333333333334,0.75,1.0,0.8333333333333334,0.6666666666666666
majority3,refactor,1,3,0.8347222222222223,0.7916666666666666,0.8888888888888888,0.8333333333333334,0.3333333333333333
majority3,refactor,2,3,0.8347222222222223,0.7916666666666666,0.8888888888888888,0.8333333333333334,0.3333333333333333
majority3,refactor,3,3,0.8347222222222223,0.7916666666666666,0.8888888888888888,0.8333333333333334,0.3333333333333333
majority3,refactor_z,1,3,0.8583333333333334,0.75,1.0,0.8333333333333334,0.6666666666666666
majority3,refactor_z,2,3,0.8583333333333334,0.75,1.0,0.8333333333333334,0.6666666666666666
majority3,refactor_z,3,3,0.8583333333333334,0.75,1.0,0.8333333333333334,0.6666666666666666
majority3,resub,1,4,1.0,1.0,1.0,1.0,1.0
majority3,resub,2,4,1.0,1.0,1.0,1.0,1.0
majority3,resub,3,4,1.0,1.0,1.0,1.0,1.0
majority3,resyn,1,4,0.96875,0.9375,1.0,1.0,1.0
majority3,resyn,2,4,0.96875,0.9375,1.0,1.0,1.0
majority3,resyn,3,4,0.96875,0.9375,1.0,1.0,1.0
majority3,resyn2,1,3,0.8583333333333334,0.75,1.0,0.8333333333333334,0.6666666666666666
majority3,resyn2,2,3,0.8583333333333334,0.75,1.0,0.8333333333333334,0.6666666666666666
majority3,resyn2,3,3,0.8583333333333334,0.75,1.0,0.8333333333333334,0.6666666666666666
majority3,resyn2_like,1,3,0.8583333333333334,0.75,1.0,0.8333333333333334,0.6666666666666666
majority3,resyn2_like,2,3,0.8583333333333334,0.75,1.0,0.8333333333333334,0.6666666666666666
majority3,resyn2_like,3,3,0.8583333333333334,0.75,1.0,0.8333333333333334,0.6666666666666666
majority3,rewrite,1,4,1.0,1.0,1.0,1.0,1.0
majority3,rewrite,2,4,1.0,1.0,1.0,1.0,1.0
majority3,rewrite,3,4,1.0,1.0,1.0,1.0,1.0
majority3,rewrite_z,1,4,0.96875,0.9375,1.0,1.0,1.0
majority3,rewrite_z,2,4,0.96875,0.9375,1.0,1.0,1.0
majority3,rewrite_z,3,4,0.96875,0.9375,1.0,1.0,1.0
mux2,balance,1,2,1.0,1.0,1.0,1.0,1.0
mux2,balance,2,2,1.0,1.0,1.0,1.0,1.0
mux2,balance,3,2,1.0,1.0,1.0,1.0,1.0
mux2,compress2rs,1,2,0.75,0.5,1.0,1.0,0.0
mux2,compress2rs,2,2,0.75,0.5,1.0,1.0,0.0
mux2,compress2rs,3,2,0.75,0.5,1.0,1.0,0.0
mux2,dc2,1,2,0.75,0.5,1.0,1.0,0.0
mux2,dc2,2,2,0.75,0.5,1.0,1.0,0.0
mux2,dc2,3,2,0.75,0.5,1.0,1.0,0.0
mux2,refactor,1,2,1.0,1.0,1.0,1.0,1.0
mux2,refactor,2,2,1.0,1.0,1.0,1.0,1.0
mux2,refactor,3,2,1.0,1.0,1.0,1.0,1.0
mux2,refactor_z,1,2,0.75,0.5,1.0,1.0,0.0
mux2,refactor_z,2,2,0.75,0.5,1.0,1.0,0.0
mux2,refactor_z,3,2,0.75,0.5,1.0,1.0,0.0
mux2,resub,1,2,1.0,1.0,1.0,1.0,1.0
mux2,resub,2,2,1.0,1.0,1.0,1.0,1.0
mux2,resub,3,2,1.0,1.0,1.0,1.0,1.0
mux2,resyn,1,2,1.0,1.0,1.0,1.0,1.0
mux2,resyn,2,2,1.0,1.0,1.0,1.0,1.0
mux2,resyn,3,2,1.0,1.0,1.0,1.0,1.0
mux2,resyn2,1,2,0.75,0.5,1.0,1.0,0.0
mux2,resyn2,2,2,0.75,0.5,1.0,1.0,0.0
mux2,resyn2,3,2,0.75,0.5,1.0,1.0,0.0
mux2,resyn2_like,1,2,0.75,0.5,1.0,1.0,0.0
mux2,resyn2_like,2,2,0.75,0.5,1.0,1.0,0.0
mux2,resyn2_like,3,2,0.75,0.5,1.0,1.0,0.0
mux2,rewrite,1,2,1.0,1.0,1.0,1.0,1.0
mux2,rewrite,2,2,1.0,1.0,1.0,1.0,1.0
mux2,rewrite,3,2,1.0,1.0,1.0,1.0,1.0
mux2,rewrite_z,1,2,1.0,1.0,1.0,1.0,1.0
mux2,rewrite_z,2,2,1.0,1.0,1.0,1.0,1.0
mux2,rewrite_z,3,2,1.0,1.0,1.0,1.0,1.0
real_hand_written_comparator_4,balance,1,14,0.9592857142857143,0.9642857142857143,0.9428571428571428,1.0,0.8571428571428571
real_hand_written_comparator_4,balance,2,14,0.9710714285714286,0.9821428571428571,0.9642857142857143,0.9428571428571428,0.9285714285714286
real_hand_written_comparator_4,balance,3,14,0.9710714285714286,0.9821428571428571,0.9642857142857143,0.9428571428571428,0.9285714285714286
real_hand_written_comparator_4,compress2rs,1,14,0.9682142857142857,0.9821428571428571,0.9428571428571428,1.0,0.9285714285714286
real_hand_written_comparator_4,compress2rs,2,14,0.9710714285714286,0.9821428571428571,0.9642857142857143,0.9428571428571428,0.9285714285714286
real_hand_written_comparator_4,compress2rs,3,14,0.9710714285714286,0.9821428571428571,0.9642857142857143,0.9428571428571428,0.9285714285714286
real_hand_written_comparator_4,dc2,1,14,0.9169642857142857,0.9196428571428571,0.9285714285714286,0.8571428571428571,0.9285714285714286
real_hand_written_comparator_4,dc2,2,14,0.93,0.9285714285714286,0.9642857142857143,0.8,0.9285714285714286
real_hand_written_comparator_4,dc2,3,14,0.93,0.9285714285714286,0.9642857142857143,0.8,0.9285714285714286
real_hand_written_comparator_4,refactor,1,14,0.9529761904761904,0.9821428571428571,0.9047619047619048,1.0,0.8571428571428571
real_hand_written_comparator_4,refactor,2,14,0.9771428571428571,1.0,0.9428571428571428,1.0,0.9285714285714286
real_hand_written_comparator_4,refactor,3,14,1.0,1.0,1.0,1.0,1.0
real_hand_written_comparator_4,refactor_z,1,14,0.9580357142857143,0.9732142857142857,0.9285714285714286,1.0,0.9285714285714286
real_hand_written_comparator_4,refactor_z,2,14,0.9710714285714286,0.9821428571428571,0.9642857142857143,0.9428571428571428,0.9285714285714286
real_hand_written_comparator_4,refactor_z,3,14,0.9710714285714286,0.9821428571428571,0.9642857142857143,0.9428571428571428,0.9285714285714286
real_hand_written_comparator_4,resub,1,14,0.9529761904761904,0.9821428571428571,0.9047619047619048,1.0,0.8571428571428571
real_hand_written_comparator_4,resub,2,14,0.9771428571428571,1.0,0.9428571428571428,1.0,0.9285714285714286
real_hand_written_comparator_4,resub,3,14,1.0,1.0,1.0,1.0,1.0
real_hand_written_comparator_4,resyn,1,14,0.8488095238095238,0.8214285714285714,0.9523809523809523,0.5714285714285714,0.9285714285714286
real_hand_written_comparator_4,resyn,2,14,0.8478571428571429,0.8214285714285714,0.9642857142857143,0.5142857142857142,0.9285714285714286
real_hand_written_comparator_4,resyn,3,14,0.8478571428571429,0.8214285714285714,0.9642857142857143,0.5142857142857142,0.9285714285714286
real_hand_written_comparator_4,resyn2,1,14,0.9682142857142857,0.9821428571428571,0.9428571428571428,1.0,0.9285714285714286
real_hand_written_comparator_4,resyn2,2,14,0.9710714285714286,0.9821428571428571,0.9642857142857143,0.9428571428571428,0.9285714285714286
real_hand_written_comparator_4,resyn2,3,14,0.9710714285714286,0.9821428571428571,0.9642857142857143,0.9428571428571428,0.9285714285714286
real_hand_written_comparator_4,resyn2_like,1,14,0.9682142857142857,0.9821428571428571,0.9428571428571428,1.0,0.9285714285714286
real_hand_written_comparator_4,resyn2_like,2,14,0.9710714285714286,0.9821428571428571,0.9642857142857143,0.9428571428571428,0.9285714285714286
real_hand_written_comparator_4,resyn2_like,3,14,0.9710714285714286,0.9821428571428571,0.9642857142857143,0.9428571428571428,0.9285714285714286
real_hand_written_comparator_4,rewrite,1,14,0.9529761904761904,0.9821428571428571,0.9047619047619048,1.0,0.8571428571428571
real_hand_written_comparator_4,rewrite,2,14,0.9771428571428571,1.0,0.9428571428571428,1.0,0.9285714285714286
real_hand_written_comparator_4,rewrite,3,14,1.0,1.0,1.0,1.0,1.0
real_hand_written_comparator_4,rewrite_z,1,14,0.9074404761904762,0.9196428571428571,0.9047619047619048,0.8571428571428571,0.8571428571428571
real_hand_written_comparator_4,rewrite_z,2,14,0.9,0.9285714285714286,0.875,0.8571428571428571,0.8571428571428571
real_hand_written_comparator_4,rewrite_z,3,14,0.9204761904761904,0.9285714285714286,0.9404761904761905,0.8,0.8571428571428571
real_hand_written_full_adder,balance,1,9,0.9861111111111112,0.9722222222222222,1.0,1.0,1.0
real_hand_written_full_adder,balance,2,9,0.9861111111111112,0.9722222222222222,1.0,1.0,1.0
real_hand_written_full_adder,balance,3,9,0.9861111111111112,0.9722222222222222,1.0,1.0,1.0
real_hand_written_full_adder,compress2rs,1,5,0.9233333333333333,0.9,1.0,0.7333333333333333,1.0
real_hand_written_full_adder,compress2rs,2,5,0.9233333333333333,0.9,1.0,0.7333333333333333,1.0
real_hand_written_full_adder,compress2rs,3,5,0.9233333333333333,0.9,1.0,0.7333333333333333,1.0
real_hand_written_full_adder,dc2,1,6,0.7661111111111112,0.75,0.8111111111111111,0.6666666666666666,0.3333333333333333
real_hand_written_full_adder,dc2,2,6,0.8298611111111112,0.7708333333333334,0.9583333333333334,0.6111111111111112,0.5
real_hand_written_full_adder,dc2,3,6,0.84375,0.7708333333333334,1.0,0.5833333333333334,0.6666666666666666
real_hand_written_full_adder,refactor,1,8,0.9520833333333334,0.9375,1.0,0.8333333333333334,1.0
real_hand_written_full_adder,refactor,2,8,0.9520833333333334,0.9375,1.0,0.8333333333333334,1.0
real_hand_written_full_adder,refactor,3,8,0.9520833333333334,0.9375,1.0,0.8333333333333334,1.0
real_hand_written_full_adder,refactor_z,1,8,0.8989583333333333,0.84375,1.0,0.7708333333333334,0.875
real_hand_written_full_adder,refactor_z,2,8,0.8989583333333333,0.84375,1.0,0.7708333333333334,0.875
real_hand_written_full_adder,refactor_z,3,8,0.8989583333333333,0.84375,1.0,0.7708333333333334,0.875
real_hand_written_full_adder,resub,1,9,1.0,1.0,1.0,1.0,1.0
real_hand_written_full_adder,resub,2,9,1.0,1.0,1.0,1.0,1.0
real_hand_written_full_adder,resub,3,9,1.0,1.0,1.0,1.0,1.0
real_hand_written_full_adder,resyn,1,9,0.9861111111111112,0.9722222222222222,1.0,1.0,1.0
real_hand_written_full_adder,resyn,2,9,0.9861111111111112,0.9722222222222222,1.0,1.0,1.0
real_hand_written_full_adder,resyn,3,9,0.9861111111111112,0.9722222222222222,1.0,1.0,1.0
real_hand_written_full_adder,resyn2,1,8,0.8989583333333333,0.84375,1.0,0.7708333333333334,0.875
real_hand_written_full_adder,resyn2,2,8,0.8989583333333333,0.84375,1.0,0.7708333333333334,0.875
real_hand_written_full_adder,resyn2,3,8,0.8989583333333333,0.84375,1.0,0.7708333333333334,0.875
real_hand_written_full_adder,resyn2_like,1,8,0.8989583333333333,0.84375,1.0,0.7708333333333334,0.875
real_hand_written_full_adder,resyn2_like,2,8,0.8989583333333333,0.84375,1.0,0.7708333333333334,0.875
real_hand_written_full_adder,resyn2_like,3,8,0.8989583333333333,0.84375,1.0,0.7708333333333334,0.875
real_hand_written_full_adder,rewrite,1,9,1.0,1.0,1.0,1.0,1.0
real_hand_written_full_adder,rewrite,2,9,1.0,1.0,1.0,1.0,1.0
real_hand_written_full_adder,rewrite,3,9,1.0,1.0,1.0,1.0,1.0
real_hand_written_full_adder,rewrite_z,1,9,0.9861111111111112,0.9722222222222222,1.0,1.0,1.0
real_hand_written_full_adder,rewrite_z,2,9,0.9861111111111112,0.9722222222222222,1.0,1.0,1.0
real_hand_written_full_adder,rewrite_z,3,9,0.9861111111111112,0.9722222222222222,1.0,1.0,1.0
real_hand_written_mux_4to1,balance,1,10,0.8216666666666667,0.95,0.6666666666666666,0.8,0.4
real_hand_written_mux_4to1,balance,2,10,0.9016666666666666,0.95,0.8666666666666667,0.8,0.6
real_hand_written_mux_4to1,balance,3,10,0.9016666666666666,0.95,0.8666666666666667,0.8,0.6
real_hand_written_mux_4to1,compress2rs,1,8,0.5864583333333333,0.65625,0.5208333333333333,0.5,0.0
real_hand_written_mux_4to1,compress2rs,2,8,0.6302083333333334,0.59375,0.7083333333333333,0.5,0.0
real_hand_written_mux_4to1,compress2rs,3,8,0.6302083333333334,0.59375,0.7083333333333333,0.5,0.0
real_hand_written_mux_4to1,dc2,1,8,0.6991666666666667,0.8125,0.5916666666666667,0.5625,0.0
real_hand_written_mux_4to1,dc2,2,8,0.7348958333333333,0.765625,0.7604166666666666,0.4791666666666667,0.0
real_hand_written_mux_4to1,dc2,3,8,0.7348958333333333,0.765625,0.7604166666666666,0.4791666666666667,0.0
real_hand_written_mux_4to1,refactor,1,8,0.6902083333333333,0.84375,0.48333333333333334,0.75,0.0
real_hand_written_mux_4to1,refactor,2,8,0.746875,0.84375,0.7083333333333333,0.41666666666666663,0.0
real_hand_written_mux_4to1,refactor,3,8,0.746875,0.84375,0.7083333333333333,0.41666666666666663,0.0
real_hand_written_mux_4to1,refactor_z,1,8,0.5864583333333333,0.65625,0.5208333333333333,0.5,0.0
real_hand_written_mux_4to1,refactor_z,2,8,0.6302083333333334,0.59375,0.7083333333333333,0.5,0.0
real_hand_written_mux_4to1,refactor_z,3,8,0.6302083333333334,0.59375,0.7083333333333333,0.5,0.0
real_hand_written_mux_4to1,resub,1,10,0.9466666666666667,1.0,0.8666666666666667,1.0,0.8
real_hand_written_mux_4to1,resub,2,10,1.0,1.0,1.0,1.0,1.0
real_hand_written_mux_4to1,resub,3,10,1.0,1.0,1.0,1.0,1.0
real_hand_written_mux_4to1,resyn,1,8,0.7302083333333333,0.71875,0.7708333333333333,0.625,0.25
real_hand_written_mux_4to1,resyn,2,8,0.7260416666666667,0.71875,0.7708333333333333,0.5833333333333334,0.25
real_hand_written_mux_4to1,resyn,3,8,0.7260416666666667,0.71875,0.7708333333333333,0.5833333333333334,0.25
real_hand_written_mux_4to1,resyn2,1,8,0.5864583333333333,0.65625,0.5208333333333333,0.5,0.0
real_hand_written_mux_4to1,resyn2,2,8,0.6302083333333334,0.59375,0.7083333333333333,0.5,0.0
real_hand_written_mux_4to1,resyn2,3,8,0.6302083333333334,0.59375,0.7083333333333333,0.5,0.0
real_hand_written_mux_4to1,resyn2_like,1,8,0.5864583333333333,0.65625,0.5208333333333333,0.5,0.0
real_hand_written_mux_4to1,resyn2_like,2,8,0.6302083333333334,0.59375,0.7083333333333333,0.5,0.0
real_hand_written_mux_4to1,resyn2_like,3,8,0.6302083333333334,0.59375,0.7083333333333333,0.5,0.0
real_hand_written_mux_4to1,rewrite,1,8,0.7302083333333333,0.71875,0.7708333333333333,0.625,0.25
real_hand_written_mux_4to1,rewrite,2,8,0.7260416666666667,0.71875,0.7708333333333333,0.5833333333333334,0.25
real_hand_written_mux_4to1,rewrite,3,8,0.7260416666666667,0.71875,0.7708333333333333,0.5833333333333334,0.25
real_hand_written_mux_4to1,rewrite_z,1,8,0.7302083333333333,0.71875,0.7708333333333333,0.625,0.25
real_hand_written_mux_4to1,rewrite_z,2,8,0.7260416666666667,0.71875,0.7708333333333333,0.5833333333333334,0.25
real_hand_written_mux_4to1,rewrite_z,3,8,0.7260416666666667,0.71875,0.7708333333333333,0.5833333333333334,0.25
real_hand_written_parity_8,balance,1,20,1.0,1.0,1.0,1.0,1.0
real_hand_written_parity_8,balance,2,20,1.0,1.0,1.0,1.0,1.0
real_hand_written_parity_8,balance,3,20,1.0,1.0,1.0,1.0,1.0
real_hand_written_parity_8,compress2rs,1,20,0.835,0.75,1.0,0.6,0.85
real_hand_written_parity_8,compress2rs,2,20,0.835,0.75,1.0,0.6,0.85
real_hand_written_parity_8,compress2rs,3,20,0.85625,0.8125,1.0,0.5,1.0
real_hand_written_parity_8,dc2,1,20,0.88,0.8,1.0,0.8,0.9
real_hand_written_parity_8,dc2,2,20,0.8266666666666667,0.8,0.8666666666666667,0.8,0.7
real_hand_written_parity_8,dc2,3,20,0.8,0.8,0.8,0.8,0.7
real_hand_written_parity_8,refactor,1,20,1.0,1.0,1.0,1.0,1.0
real_hand_written_parity_8,refactor,2,20,1.0,1.0,1.0,1.0,1.0
real_hand_written_parity_8,refactor,3,20,1.0,1.0,1.0,1.0,1.0
real_hand_written_parity_8,refactor_z,1,20,0.885,0.85,1.0,0.6,1.0
real_hand_written_parity_8,refactor_z,2,20,0.885,0.85,1.0,0.6,1.0
real_hand_written_parity_8,refactor_z,3,20,0.885,0.85,1.0,0.6,1.0
real_hand_written_parity_8,resub,1,20,1.0,1.0,1.0,1.0,1.0
real_hand_written_parity_8,resub,2,20,1.0,1.0,1.0,1.0,1.0
real_hand_written_parity_8,resub,3,20,1.0,1.0,1.0,1.0,1.0
real_hand_written_parity_8,resyn,1,20,0.95,0.9,1.0,1.0,0.85
real_hand_written_parity_8,resyn,2,20,0.95,0.9,1.0,1.0,0.85
real_hand_written_parity_8,resyn,3,20,0.97125,0.9625,1.0,0.9,1.0
real_hand_written_parity_8,resyn2,1,20,0.835,0.75,1.0,0.6,0.85
real_hand_written_parity_8,resyn2,2,20,0.835,0.75,1.0,0.6,0.85
real_hand_written_parity_8,resyn2,3,20,0.85625,0.8125,1.0,0.5,1.0
real_hand_written_parity_8,resyn2_like,1,20,0.835,0.75,1.0,0.6,0.85
real_hand_written_parity_8,resyn2_like,2,20,0.835,0.75,1.0,0.6,0.85
real_hand_written_parity_8,resyn2_like,3,20,0.85625,0.8125,1.0,0.5,1.0
real_hand_written_parity_8,rewrite,1,20,1.0,1.0,1.0,1.0,1.0
real_hand_written_parity_8,rewrite,2,20,1.0,1.0,1.0,1.0,1.0
real_hand_written_parity_8,rewrite,3,20,1.0,1.0,1.0,1.0,1.0
real_hand_written_parity_8,rewrite_z,1,20,0.95,0.9,1.0,1.0,0.85
real_hand_written_parity_8,rewrite_z,2,20,0.95,0.9,1.0,1.0,0.85
real_hand_written_parity_8,rewrite_z,3,20,0.97125,0.9625,1.0,0.9,1.0
real_hand_written_priority_enc_4,balance,1,2,1.0,1.0,1.0,1.0,1.0
real_hand_written_priority_enc_4,balance,2,2,1.0,1.0,1.0,1.0,1.0
real_hand_written_priority_enc_4,balance,3,2,1.0,1.0,1.0,1.0,1.0
real_hand_written_priority_enc_4,compress2rs,1,2,1.0,1.0,1.0,1.0,1.0
real_hand_written_priority_enc_4,compress2rs,2,2,1.0,1.0,1.0,1.0,1.0
real_hand_written_priority_enc_4,compress2rs,3,2,1.0,1.0,1.0,1.0,1.0
real_hand_written_priority_enc_4,dc2,1,2,0.7625,0.875,0.625,0.75,0.5
real_hand_written_priority_enc_4,dc2,2,2,0.7625,0.875,0.625,0.75,0.5
real_hand_written_priority_enc_4,dc2,3,2,0.7625,0.875,0.625,0.75,0.5
real_hand_written_priority_enc_4,refactor,1,2,1.0,1.0,1.0,1.0,1.0
real_hand_written_priority_enc_4,refactor,2,2,1.0,1.0,1.0,1.0,1.0
real_hand_written_priority_enc_4,refactor,3,2,1.0,1.0,1.0,1.0,1.0
real_hand_written_priority_enc_4,refactor_z,1,2,1.0,1.0,1.0,1.0,1.0
real_hand_written_priority_enc_4,refactor_z,2,2,1.0,1.0,1.0,1.0,1.0
real_hand_written_priority_enc_4,refactor_z,3,2,1.0,1.0,1.0,1.0,1.0
real_hand_written_priority_enc_4,resub,1,2,1.0,1.0,1.0,1.0,1.0
real_hand_written_priority_enc_4,resub,2,2,1.0,1.0,1.0,1.0,1.0
real_hand_written_priority_enc_4,resub,3,2,1.0,1.0,1.0,1.0,1.0
real_hand_written_priority_enc_4,resyn,1,2,1.0,1.0,1.0,1.0,1.0
real_hand_written_priority_enc_4,resyn,2,2,1.0,1.0,1.0,1.0,1.0
real_hand_written_priority_enc_4,resyn,3,2,1.0,1.0,1.0,1.0,1.0
real_hand_written_priority_enc_4,resyn2,1,2,1.0,1.0,1.0,1.0,1.0
real_hand_written_priority_enc_4,resyn2,2,2,1.0,1.0,1.0,1.0,1.0
real_hand_written_priority_enc_4,resyn2,3,2,1.0,1.0,1.0,1.0,1.0
real_hand_written_priority_enc_4,resyn2_like,1,2,1.0,1.0,1.0,1.0,1.0
real_hand_written_priority_enc_4,resyn2_like,2,2,1.0,1.0,1.0,1.0,1.0
real_hand_written_priority_enc_4,resyn2_like,3,2,1.0,1.0,1.0,1.0,1.0
real_hand_written_priority_enc_4,rewrite,1,2,1.0,1.0,1.0,1.0,1.0
real_hand_written_priority_enc_4,rewrite,2,2,1.0,1.0,1.0,1.0,1.0
real_hand_written_priority_enc_4,rewrite,3,2,1.0,1.0,1.0,1.0,1.0
real_hand_written_priority_enc_4,rewrite_z,1,2,1.0,1.0,1.0,1.0,1.0
real_hand_written_priority_enc_4,rewrite_z,2,2,1.0,1.0,1.0,1.0,1.0
real_hand_written_priority_enc_4,rewrite_z,3,2,1.0,1.0,1.0,1.0,1.0
toy_and_or,balance,1,2,1.0,1.0,1.0,1.0,1.0
toy_and_or,balance,2,2,1.0,1.0,1.0,1.0,1.0
toy_and_or,balance,3,2,1.0,1.0,1.0,1.0,1.0
toy_and_or,compress2rs,1,2,1.0,1.0,1.0,1.0,1.0
toy_and_or,compress2rs,2,2,1.0,1.0,1.0,1.0,1.0
toy_and_or,compress2rs,3,2,1.0,1.0,1.0,1.0,1.0
toy_and_or,dc2,1,2,1.0,1.0,1.0,1.0,1.0
toy_and_or,dc2,2,2,1.0,1.0,1.0,1.0,1.0
toy_and_or,dc2,3,2,1.0,1.0,1.0,1.0,1.0
toy_and_or,refactor,1,2,1.0,1.0,1.0,1.0,1.0
toy_and_or,refactor,2,2,1.0,1.0,1.0,1.0,1.0
toy_and_or,refactor,3,2,1.0,1.0,1.0,1.0,1.0
toy_and_or,refactor_z,1,2,1.0,1.0,1.0,1.0,1.0
toy_and_or,refactor_z,2,2,1.0,1.0,1.0,1.0,1.0
toy_and_or,refactor_z,3,2,1.0,1.0,1.0,1.0,1.0
toy_and_or,resub,1,2,1.0,1.0,1.0,1.0,1.0
toy_and_or,resub,2,2,1.0,1.0,1.0,1.0,1.0
toy_and_or,resub,3,2,1.0,1.0,1.0,1.0,1.0
toy_and_or,resyn,1,2,1.0,1.0,1.0,1.0,1.0
toy_and_or,resyn,2,2,1.0,1.0,1.0,1.0,1.0
toy_and_or,resyn,3,2,1.0,1.0,1.0,1.0,1.0
toy_and_or,resyn2,1,2,1.0,1.0,1.0,1.0,1.0
toy_and_or,resyn2,2,2,1.0,1.0,1.0,1.0,1.0
toy_and_or,resyn2,3,2,1.0,1.0,1.0,1.0,1.0
toy_and_or,resyn2_like,1,2,1.0,1.0,1.0,1.0,1.0
toy_and_or,resyn2_like,2,2,1.0,1.0,1.0,1.0,1.0
toy_and_or,resyn2_like,3,2,1.0,1.0,1.0,1.0,1.0
toy_and_or,rewrite,1,2,1.0,1.0,1.0,1.0,1.0
toy_and_or,rewrite,2,2,1.0,1.0,1.0,1.0,1.0
toy_and_or,rewrite,3,2,1.0,1.0,1.0,1.0,1.0
toy_and_or,rewrite_z,1,2,1.0,1.0,1.0,1.0,1.0
toy_and_or,rewrite_z,2,2,1.0,1.0,1.0,1.0,1.0
toy_and_or,rewrite_z,3,2,1.0,1.0,1.0,1.0,1.0
xor_chain,balance,1,8,1.0,1.0,1.0,1.0,1.0
xor_chain,balance,2,8,1.0,1.0,1.0,1.0,1.0
xor_chain,balance,3,8,1.0,1.0,1.0,1.0,1.0
xor_chain,compress2rs,1,8,0.6410416666666667,0.71875,0.5791666666666667,0.5,0.375
xor_chain,compress2rs,2,8,0.715625,0.71875,0.8125,0.3125,0.375
xor_chain,compress2rs,3,8,0.6872916666666666,0.71875,0.75,0.2791666666666667,0.375
xor_chain,dc2,1,8,0.6410416666666667,0.71875,0.5791666666666667,0.5,0.375
xor_chain,dc2,2,8,0.715625,0.71875,0.8125,0.3125,0.375
xor_chain,dc2,3,8,0.6872916666666666,0.71875,0.75,0.2791666666666667,0.375
xor_chain,refactor,1,8,1.0,1.0,1.0,1.0,1.0
xor_chain,refactor,2,8,1.0,1.0,1.0,1.0,1.0
xor_chain,refactor,3,8,1.0,1.0,1.0,1.0,1.0
xor_chain,refactor_z,1,8,0.928125,0.90625,1.0,0.75,1.0
xor_chain,refactor_z,2,8,0.928125,0.90625,1.0,0.75,1.0
xor_chain,refactor_z,3,8,0.928125,0.90625,1.0,0.75,1.0
xor_chain,resub,1,8,1.0,1.0,1.0,1.0,1.0
xor_chain,resub,2,8,1.0,1.0,1.0,1.0,1.0
xor_chain,resub,3,8,1.0,1.0,1.0,1.0,1.0
xor_chain,resyn,1,8,0.7129166666666666,0.8125,0.5791666666666667,0.75,0.375
xor_chain,resyn,2,8,0.7875,0.8125,0.8125,0.5625,0.375
xor_chain,resyn,3,8,0.7591666666666667,0.8125,0.75,0.5291666666666667,0.375
xor_chain,resyn2,1,8,0.6410416666666667,0.71875,0.5791666666666667,0.5,0.375
xor_chain,resyn2,2,8,0.715625,0.71875,0.8125,0.3125,0.375
xor_chain,resyn2,3,8,0.6872916666666666,0.71875,0.75,0.2791666666666667,0.375
xor_chain,resyn2_like,1,8,0.6410416666666667,0.71875,0.5791666666666667,0.5,0.375
xor_chain,resyn2_like,2,8,0.715625,0.71875,0.8125,0.3125,0.375
xor_chain,resyn2_like,3,8,0.6872916666666666,0.71875,0.75,0.2791666666666667,0.375
xor_chain,rewrite,1,8,1.0,1.0,1.0,1.0,1.0
xor_chain,rewrite,2,8,1.0,1.0,1.0,1.0,1.0
xor_chain,rewrite,3,8,1.0,1.0,1.0,1.0,1.0
xor_chain,rewrite_z,1,8,0.7129166666666666,0.8125,0.5791666666666667,0.75,0.375
xor_chain,rewrite_z,2,8,0.7875,0.8125,0.8125,0.5625,0.375
xor_chain,rewrite_z,3,8,0.7591666666666667,0.8125,0.75,0.5291666666666667,0.375
