benchmark,optimization,benchmark_family,source_family,optimization_group,original_nodes,optimized_nodes,original_levels,optimized_levels,exact_internal_matches,old_signatures_disappeared,new_signatures_appeared,avg_best_support_overlap,simulation_mode,pattern_count,is_formal_exact_mode,has_internal_nodes,signature_match_on_patterns,formal_truth_table_matches,exact_match_rate,preserved_signature_fraction,optimized_signature_coverage,disappeared_fraction,novel_fraction,node_reduction_rate,level_reduction_rate,avg_best_simulation_similarity,avg_best_combined_score,support_overlap_min,support_overlap_median,support_overlap_max
external_iscas85_c1355,balance,unknown,iscas85,low,472,468,26,25,462,10,6,0.9976899976899977,random,4096,0,1,462,,0.9871794871794872,0.9788135593220338,0.9871794871794872,0.0211864406779661,0.01282051282051282,0.00847457627118644,0.038461538461538464,0.9981428619123932,0.9914642049651815,0.7297297297297297,1.0,1.0
external_iscas85_c1355,compress2rs,unknown,iscas85,very_high,472,359,26,17,193,279,166,0.9437949688646068,random,4096,0,1,193,,0.5376044568245125,0.4088983050847458,0.5376044568245125,0.5911016949152542,0.4623955431754875,0.23940677966101695,0.34615384615384615,0.8871784688370473,0.8570664054173069,0.5714285714285714,1.0,1.0
external_iscas85_c1355,dc2,unknown,iscas85,very_high,472,355,26,18,237,235,118,0.9409519742051518,random,4096,0,1,237,,0.6676056338028169,0.5021186440677966,0.6676056338028169,0.4978813559322034,0.3323943661971831,0.2478813559322034,0.3076923076923077,0.9221205160651409,0.8741767340114605,0.5714285714285714,1.0,1.0
external_iscas85_c1355,refactor,unknown,iscas85,medium,472,428,26,24,338,134,90,0.9955796918413741,random,4096,0,1,338,,0.7897196261682243,0.7161016949152542,0.7897196261682243,0.2838983050847458,0.2102803738317757,0.09322033898305085,0.07692307692307693,0.9521039445823598,0.9278253119355392,0.7297297297297297,1.0,1.0
external_iscas85_c1355,refactor_z,unknown,iscas85,medium,472,393,26,24,300,172,93,0.9948708176667295,random,4096,0,1,300,,0.7633587786259542,0.635593220338983,0.7633587786259542,0.3644067796610169,0.2366412213740458,0.1673728813559322,0.07692307692307693,0.9473240199586515,0.9234907268308851,0.7297297297297297,1.0,1.0
external_iscas85_c1355,resub,unknown,iscas85,high,472,472,26,26,472,0,0,1.0,random,4096,0,1,472,,1.0,1.0,1.0,0.0,0.0,0.0,0.0,1.0,1.0,1.0,1.0,1.0
external_iscas85_c1355,resyn,unknown,iscas85,high,472,360,26,18,247,225,113,0.9335907335907336,random,4096,0,1,247,,0.6861111111111111,0.5233050847457628,0.6861111111111111,0.4766949152542373,0.3138888888888889,0.23728813559322035,0.3076923076923077,0.9206068250868056,0.8646855392146937,0.5714285714285714,1.0,1.0
external_iscas85_c1355,resyn2,unknown,iscas85,very_high,472,359,26,17,193,279,166,0.9437949688646068,random,4096,0,1,193,,0.5376044568245125,0.4088983050847458,0.5376044568245125,0.5911016949152542,0.4623955431754875,0.23940677966101695,0.34615384615384615,0.8871784688370473,0.8570664054173069,0.5714285714285714,1.0,1.0
external_iscas85_c1355,resyn2_like,unknown,iscas85,very_high,472,359,26,17,193,279,166,0.9437949688646068,random,4096,0,1,193,,0.5376044568245125,0.4088983050847458,0.5376044568245125,0.5911016949152542,0.4623955431754875,0.23940677966101695,0.34615384615384615,0.8871784688370473,0.8570664054173069,0.5714285714285714,1.0,1.0
external_iscas85_c1355,rewrite,unknown,iscas85,medium,472,412,26,19,296,176,116,0.9516812235258837,random,4096,0,1,296,,0.7184466019417476,0.6271186440677966,0.7184466019417476,0.3728813559322034,0.2815533980582524,0.1271186440677966,0.2692307692307692,0.9305390293158374,0.8892535391033046,0.5714285714285714,1.0,1.0
external_iscas85_c1355,rewrite_z,unknown,iscas85,medium,472,378,26,19,250,222,128,0.9442467735609126,random,4096,0,1,250,,0.6613756613756614,0.5296610169491526,0.6613756613756614,0.4703389830508475,0.3386243386243386,0.19915254237288135,0.2692307692307692,0.921709656084656,0.8848825061148717,0.5714285714285714,1.0,1.0
external_iscas85_c17,balance,unknown,iscas85,low,4,4,3,3,4,0,0,1.0,exact,32,1,1,4,4,1.0,1.0,1.0,0.0,0.0,0.0,0.0,1.0,1.0,1.0,1.0,1.0
external_iscas85_c17,compress2rs,unknown,iscas85,very_high,4,4,3,3,3,1,1,0.8125,exact,32,1,1,3,3,0.75,0.75,0.75,0.25,0.25,0.0,0.0,0.90625,0.8609375,0.25,1.0,1.0
external_iscas85_c17,dc2,unknown,iscas85,very_high,4,4,3,3,4,0,0,1.0,exact,32,1,1,4,4,1.0,1.0,1.0,0.0,0.0,0.0,0.0,1.0,1.0,1.0,1.0,1.0
external_iscas85_c17,refactor,unknown,iscas85,medium,4,4,3,3,4,0,0,1.0,exact,32,1,1,4,4,1.0,1.0,1.0,0.0,0.0,0.0,0.0,1.0,1.0,1.0,1.0,1.0
external_iscas85_c17,refactor_z,unknown,iscas85,medium,4,4,3,3,3,1,1,0.8125,exact,32,1,1,3,3,0.75,0.75,0.75,0.25,0.25,0.0,0.0,0.90625,0.8609375,0.25,1.0,1.0
external_iscas85_c17,resub,unknown,iscas85,high,4,4,3,3,4,0,0,1.0,exact,32,1,1,4,4,1.0,1.0,1.0,0.0,0.0,0.0,0.0,1.0,1.0,1.0,1.0,1.0
external_iscas85_c17,resyn,unknown,iscas85,high,4,4,3,3,4,0,0,1.0,exact,32,1,1,4,4,1.0,1.0,1.0,0.0,0.0,0.0,0.0,1.0,1.0,1.0,1.0,1.0
external_iscas85_c17,resyn2,unknown,iscas85,very_high,4,4,3,3,3,1,1,0.8125,exact,32,1,1,3,3,0.75,0.75,0.75,0.25,0.25,0.0,0.0,0.90625,0.8609375,0.25,1.0,1.0
external_iscas85_c17,resyn2_like,unknown,iscas85,very_high,4,4,3,3,3,1,1,0.8125,exact,32,1,1,3,3,0.75,0.75,0.75,0.25,0.25,0.0,0.0,0.90625,0.8609375,0.25,1.0,1.0
external_iscas85_c17,rewrite,unknown,iscas85,medium,4,4,3,3,4,0,0,1.0,exact,32,1,1,4,4,1.0,1.0,1.0,0.0,0.0,0.0,0.0,1.0,1.0,1.0,1.0,1.0
external_iscas85_c17,rewrite_z,unknown,iscas85,medium,4,4,3,3,4,0,0,1.0,exact,32,1,1,4,4,1.0,1.0,1.0,0.0,0.0,0.0,0.0,1.0,1.0,1.0,1.0,1.0
external_iscas85_c1908,balance,unknown,iscas85,low,328,313,32,26,301,27,12,0.996158527308687,random,4096,0,1,301,,0.9616613418530351,0.9176829268292683,0.9616613418530351,0.08231707317073171,0.038338658146964855,0.04573170731707317,0.1875,0.9959611496605432,0.9797880263043147,0.6,1.0,1.0
external_iscas85_c1908,compress2rs,unknown,iscas85,very_high,328,280,32,22,135,193,145,0.9605891962047977,random,4096,0,1,135,,0.48214285714285715,0.4115853658536585,0.48214285714285715,0.5884146341463414,0.5178571428571429,0.14634146341463414,0.3125,0.9097464425223214,0.8905015133442953,0.4,1.0,1.0
external_iscas85_c1908,dc2,unknown,iscas85,very_high,328,282,32,26,111,217,171,0.9508109116484718,random,4096,0,1,111,,0.39361702127659576,0.3384146341463415,0.39361702127659576,0.6615853658536586,0.6063829787234043,0.1402439024390244,0.1875,0.8959649268617021,0.8799144730774078,0.3333333333333333,1.0,1.0
external_iscas85_c1908,refactor,unknown,iscas85,medium,328,305,32,27,297,31,8,0.9995916651654356,random,4096,0,1,297,,0.9737704918032787,0.9054878048780488,0.9737704918032787,0.09451219512195122,0.02622950819672131,0.0701219512195122,0.15625,0.9986039959016394,0.9889544532784352,0.9230769230769231,1.0,1.0
external_iscas85_c1908,refactor_z,unknown,iscas85,medium,328,297,32,27,206,122,91,0.9962785752259437,random,4096,0,1,206,,0.6936026936026936,0.6280487804878049,0.6936026936026936,0.3719512195121951,0.3063973063973064,0.09451219512195122,0.15625,0.9453634653829966,0.9382913296453873,0.6666666666666666,1.0,1.0
external_iscas85_c1908,resub,unknown,iscas85,high,328,292,32,26,292,36,0,1.0,random,4096,0,1,292,,1.0,0.8902439024390244,1.0,0.10975609756097561,0.0,0.10975609756097561,0.1875,1.0,0.9879235687102031,1.0,1.0,1.0
external_iscas85_c1908,resyn,unknown,iscas85,high,328,277,32,24,183,145,94,0.956223817666911,random,4096,0,1,183,,0.6606498194945848,0.5579268292682927,0.6606498194945848,0.4420731707317073,0.33935018050541516,0.15548780487804878,0.25,0.945198802741426,0.9179256600322848,0.4,1.0,1.0
external_iscas85_c1908,resyn2,unknown,iscas85,very_high,328,287,32,23,139,189,148,0.9611836647367548,random,4096,0,1,139,,0.4843205574912892,0.42378048780487804,0.4843205574912892,0.5762195121951219,0.5156794425087108,0.125,0.28125,0.9116168404290069,0.8891516146327924,0.4,1.0,1.0
external_iscas85_c1908,resyn2_like,unknown,iscas85,very_high,328,287,32,23,139,189,148,0.9611836647367548,random,4096,0,1,139,,0.4843205574912892,0.42378048780487804,0.4843205574912892,0.5762195121951219,0.5156794425087108,0.125,0.28125,0.9116168404290069,0.8891516146327924,0.4,1.0,1.0
external_iscas85_c1908,rewrite,unknown,iscas85,medium,328,296,32,25,287,41,9,0.9988738738738738,random,4096,0,1,287,,0.9695945945945946,0.875,0.9695945945945946,0.125,0.030405405405405407,0.0975609756097561,0.21875,0.9971000052787162,0.9890986249482836,0.6666666666666666,1.0,1.0
external_iscas85_c1908,rewrite_z,unknown,iscas85,medium,328,290,32,25,201,127,89,0.9638509485009781,random,4096,0,1,201,,0.6931034482758621,0.6128048780487805,0.6931034482758621,0.3871951219512195,0.30689655172413793,0.11585365853658537,0.21875,0.9501052330280172,0.9296481089201015,0.4,1.0,1.0
external_iscas85_c2670,balance,unknown,iscas85,low,681,678,21,17,575,106,103,0.9608619731383312,random,4096,0,1,575,,0.8480825958702065,0.8443465491923642,0.8480825958702065,0.15565345080763582,0.15191740412979352,0.004405286343612335,0.19047619047619047,0.975189479051438,0.9343239323154631,0.3333333333333333,1.0,1.0
external_iscas85_c2670,compress2rs,unknown,iscas85,very_high,681,537,21,17,83,598,454,0.9134411428941983,random,4096,0,1,83,,0.15456238361266295,0.12187958883994127,0.15456238361266295,0.8781204111600588,0.845437616387337,0.21145374449339208,0.19047619047619047,0.8216891439711359,0.7874915073989848,0.25,1.0,1.0
external_iscas85_c2670,dc2,unknown,iscas85,very_high,681,508,21,20,176,505,332,0.9055313578430523,random,4096,0,1,176,,0.3464566929133858,0.25844346549192365,0.3464566929133858,0.7415565345080763,0.6535433070866141,0.2540381791483113,0.047619047619047616,0.8542403574064961,0.8318474605770638,0.25,1.0,1.0
external_iscas85_c2670,refactor,unknown,iscas85,medium,681,580,21,21,194,487,386,0.9496579542155767,random,4096,0,1,194,,0.33448275862068966,0.28487518355359764,0.33448275862068966,0.7151248164464024,0.6655172413793103,0.14831130690161526,0.0,0.8767969591864224,0.8439440829072188,0.25,1.0,1.0
external_iscas85_c2670,refactor_z,unknown,iscas85,medium,681,580,21,20,92,589,488,0.9301127859337334,random,4096,0,1,92,,0.15862068965517243,0.13509544787077826,0.15862068965517243,0.8649045521292217,0.8413793103448276,0.14831130690161526,0.047619047619047616,0.8308391702586206,0.7977572146027668,0.25,1.0,1.0
external_iscas85_c2670,resub,unknown,iscas85,high,681,600,21,21,600,81,0,0.9990555555555556,random,4096,0,1,600,,1.0,0.8810572687224669,1.0,0.11894273127753303,0.0,0.11894273127753303,0.0,1.0,0.9972056791055082,0.75,1.0,1.0
external_iscas85_c2670,resyn,unknown,iscas85,high,681,540,21,17,286,395,254,0.9182100858002749,random,4096,0,1,286,,0.5296296296296297,0.4199706314243759,0.5296296296296297,0.580029368575624,0.4703703703703704,0.20704845814977973,0.19047619047619047,0.9103890878182871,0.8650035818470699,0.25,1.0,1.0
external_iscas85_c2670,resyn2,unknown,iscas85,very_high,681,538,21,17,83,598,455,0.9126726649334284,random,4096,0,1,83,,0.15427509293680297,0.12187958883994127,0.15427509293680297,0.8781204111600588,0.845724907063197,0.20998531571218795,0.19047619047619047,0.8218975988905669,0.7874935879425624,0.25,1.0,1.0
external_iscas85_c2670,resyn2_like,unknown,iscas85,very_high,681,538,21,17,83,598,455,0.9126726649334284,random,4096,0,1,83,,0.15427509293680297,0.12187958883994127,0.15427509293680297,0.8781204111600588,0.845724907063197,0.20998531571218795,0.19047619047619047,0.8218975988905669,0.7874935879425624,0.25,1.0,1.0
external_iscas85_c2670,rewrite,unknown,iscas85,medium,681,547,21,21,484,197,63,0.9858692410632601,random,4096,0,1,484,,0.8848263254113345,0.71071953010279,0.8848263254113345,0.28928046989721,0.11517367458866545,0.19676945668135096,0.0,0.9819947404878885,0.9657398643369761,0.6666666666666666,1.0,1.0
external_iscas85_c2670,rewrite_z,unknown,iscas85,medium,681,534,21,21,331,350,203,0.957814808758453,random,4096,0,1,331,,0.6198501872659176,0.48604992657856094,0.6198501872659176,0.5139500734214391,0.3801498127340824,0.21585903083700442,0.0,0.9323451581519194,0.9109081940497349,0.3333333333333333,1.0,1.0
external_iscas85_c3540,balance,unknown,iscas85,low,1004,999,41,35,780,224,219,0.9719676738581926,random,4096,0,1,780,,0.7807807807807807,0.7768924302788844,0.7807807807807807,0.22310756972111553,0.21921921921921922,0.0049800796812749,0.14634146341463414,0.9754759642454955,0.9350706037187052,0.5,1.0,1.0
external_iscas85_c3540,compress2rs,unknown,iscas85,very_high,1004,837,41,33,466,538,371,0.9382387160188331,random,4096,0,1,466,,0.5567502986857825,0.4641434262948207,0.5567502986857825,0.5358565737051793,0.4432497013142174,0.16633466135458166,0.1951219512195122,0.9443268952546297,0.8891985281529154,0.2222222222222222,1.0,1.0
external_iscas85_c3540,dc2,unknown,iscas85,very_high,1004,834,41,36,449,555,385,0.9293396180067918,random,4096,0,1,449,,0.5383693045563549,0.44721115537848605,0.5383693045563549,0.5527888446215139,0.4616306954436451,0.1693227091633466,0.12195121951219512,0.9432747747114808,0.8838547592940822,0.2222222222222222,1.0,1.0
external_iscas85_c3540,refactor,unknown,iscas85,medium,1004,912,41,37,842,162,70,0.9896439898787224,random,4096,0,1,842,,0.9232456140350878,0.8386454183266933,0.9232456140350878,0.16135458167330677,0.07675438596491228,0.09163346613545817,0.0975609756097561,0.9925571910121984,0.9705148542404365,0.3333333333333333,1.0,1.0
external_iscas85_c3540,refactor_z,unknown,iscas85,medium,1004,906,41,37,598,406,308,0.9447377274458941,random,4096,0,1,598,,0.6600441501103753,0.5956175298804781,0.6600441501103753,0.4043824701195219,0.33995584988962474,0.09760956175298804,0.0975609756097561,0.9559649536941225,0.9122776296097204,0.3333333333333333,1.0,1.0
external_iscas85_c3540,resub,unknown,iscas85,high,1004,961,41,41,961,43,0,0.9958376690946931,random,4096,0,1,961,,1.0,0.9571713147410359,1.0,0.04282868525896414,0.0,0.04282868525896414,0.0,1.0,0.9950662453487391,0.6666666666666666,1.0,1.0
external_iscas85_c3540,resyn,unknown,iscas85,high,1004,873,41,32,548,456,325,0.9520494736148718,random,4096,0,1,548,,0.6277205040091638,0.545816733067729,0.6277205040091638,0.4541832669322709,0.3722794959908362,0.13047808764940239,0.21951219512195122,0.9550428882087629,0.9067203381503007,0.3333333333333333,1.0,1.0
external_iscas85_c3540,resyn2,unknown,iscas85,very_high,1004,859,41,33,479,525,380,0.9306498022760631,random,4096,0,1,479,,0.5576251455180442,0.4770916334661355,0.5576251455180442,0.5229083665338645,0.44237485448195574,0.14442231075697212,0.1951219512195122,0.9433863754183643,0.8885103897725489,0.2222222222222222,1.0,1.0
external_iscas85_c3540,resyn2_like,unknown,iscas85,very_high,1004,859,41,33,479,525,380,0.9306498022760631,random,4096,0,1,479,,0.5576251455180442,0.4770916334661355,0.5576251455180442,0.5229083665338645,0.44237485448195574,0.14442231075697212,0.1951219512195122,0.9433863754183643,0.8885103897725489,0.2222222222222222,1.0,1.0
external_iscas85_c3540,rewrite,unknown,iscas85,medium,1004,877,41,38,829,175,48,0.994997130523217,random,4096,0,1,829,,0.9452679589509693,0.8256972111553785,0.9452679589509693,0.17430278884462153,0.05473204104903079,0.12649402390438247,0.07317073170731707,0.9963557070446123,0.9777290663914856,0.3333333333333333,1.0,1.0
external_iscas85_c3540,rewrite_z,unknown,iscas85,medium,1004,877,41,37,540,464,337,0.9638167403985869,random,4096,0,1,540,,0.6157354618015963,0.5378486055776892,0.6157354618015963,0.46215139442231074,0.38426453819840367,0.12649402390438247,0.0975609756097561,0.9651157287806442,0.9284341771873394,0.3333333333333333,1.0,1.0
external_iscas85_c432,balance,unknown,iscas85,low,202,202,42,25,159,43,43,0.9835033738088385,random,4096,0,1,159,,0.7871287128712872,0.7871287128712872,0.7871287128712872,0.21287128712871287,0.21287128712871287,0.0,0.40476190476190477,0.981979521194307,0.8979495888743708,0.5,1.0,1.0
external_iscas85_c432,compress2rs,unknown,iscas85,very_high,202,131,42,23,80,122,51,0.9726796525401421,random,4096,0,1,80,,0.6106870229007634,0.39603960396039606,0.6106870229007634,0.6039603960396039,0.3893129770992366,0.35148514851485146,0.4523809523809524,0.9518092497614504,0.8530229698890954,0.5,1.0,1.0
external_iscas85_c432,dc2,unknown,iscas85,very_high,202,124,42,26,69,133,55,0.9696252114010461,random,4096,0,1,69,,0.5564516129032258,0.3415841584158416,0.5564516129032258,0.6584158415841584,0.4435483870967742,0.38613861386138615,0.38095238095238093,0.9349266790574596,0.8449757808243479,0.5,1.0,1.0
external_iscas85_c432,refactor,unknown,iscas85,medium,202,200,42,42,196,6,4,1.0,random,4096,0,1,196,,0.98,0.9702970297029703,0.98,0.0297029702970297,0.02,0.009900990099009901,0.0,0.999398193359375,0.9979994506835937,1.0,1.0,1.0
external_iscas85_c432,refactor_z,unknown,iscas85,medium,202,200,42,33,148,54,52,0.9764332580887781,random,4096,0,1,148,,0.74,0.7326732673267327,0.74,0.26732673267326734,0.26,0.009900990099009901,0.21428571428571427,0.9701904296875,0.8972916090566598,0.375,1.0,1.0
external_iscas85_c432,resub,unknown,iscas85,high,202,171,42,41,134,68,37,1.0,random,4096,0,1,134,,0.783625730994152,0.6633663366336634,0.783625730994152,0.33663366336633666,0.21637426900584794,0.15346534653465346,0.023809523809523808,0.9830200909173976,0.971755808928789,1.0,1.0,1.0
external_iscas85_c432,resyn,unknown,iscas85,high,202,135,42,25,83,119,52,0.973974249725433,random,4096,0,1,83,,0.6148148148148148,0.41089108910891087,0.6148148148148148,0.5891089108910891,0.3851851851851852,0.3316831683168317,0.40476190476190477,0.9472782841435186,0.8562623930317294,0.3333333333333333,1.0,1.0
external_iscas85_c432,resyn2,unknown,iscas85,very_high,202,131,42,25,85,117,46,0.9691661197011289,random,4096,0,1,85,,0.648854961832061,0.4207920792079208,0.648854961832061,0.5792079207920792,0.3511450381679389,0.35148514851485146,0.40476190476190477,0.9497238042700382,0.8540486713475675,0.5,1.0,1.0
external_iscas85_c432,resyn2_like,unknown,iscas85,very_high,202,131,42,25,85,117,46,0.9691661197011289,random,4096,0,1,85,,0.648854961832061,0.4207920792079208,0.648854961832061,0.5792079207920792,0.3511450381679389,0.35148514851485146,0.40476190476190477,0.9497238042700382,0.8540486713475675,0.5,1.0,1.0
external_iscas85_c432,rewrite,unknown,iscas85,medium,202,187,42,41,170,32,17,1.0,random,4096,0,1,170,,0.9090909090909091,0.8415841584158416,0.9090909090909091,0.15841584158415842,0.09090909090909091,0.07425742574257425,0.023809523809523808,0.9937372054645722,0.9895682105406083,1.0,1.0,1.0
external_iscas85_c432,rewrite_z,unknown,iscas85,medium,202,174,42,41,131,71,43,0.9946496989600437,random,4096,0,1,131,,0.7528735632183908,0.6485148514851485,0.7528735632183908,0.35148514851485146,0.2471264367816092,0.13861386138613863,0.023809523809523808,0.9748773684446839,0.937444220042716,0.5,1.0,1.0
external_iscas85_c499,balance,unknown,iscas85,low,368,364,20,19,358,10,6,0.9970299970299971,random,4096,0,1,358,,0.9835164835164835,0.9728260869565217,0.9835164835164835,0.02717391304347826,0.016483516483516484,0.010869565217391304,0.05,0.9976122510302198,0.9891519369577231,0.7297297297297297,1.0,1.0
external_iscas85_c499,compress2rs,unknown,iscas85,very_high,368,354,20,17,120,248,234,0.9416864452002939,random,4096,0,1,120,,0.3389830508474576,0.32608695652173914,0.3389830508474576,0.6739130434782609,0.6610169491525424,0.03804347826086957,0.15,0.8413451458774718,0.8304446802144846,0.5714285714285714,1.0,1.0
external_iscas85_c499,dc2,unknown,iscas85,very_high,368,355,20,18,222,146,133,0.963443681203901,random,4096,0,1,222,,0.6253521126760564,0.6032608695652174,0.6253521126760564,0.3967391304347826,0.37464788732394366,0.035326086956521736,0.1,0.9171400473151409,0.8984909499274898,0.5714285714285714,1.0,1.0
external_iscas85_c499,refactor,unknown,iscas85,medium,368,364,20,20,354,14,10,0.9948024948024948,random,4096,0,1,354,,0.9725274725274725,0.9619565217391305,0.9725274725274725,0.03804347826086957,0.027472527472527472,0.010869565217391304,0.0,0.9944726294213599,0.9934924677142695,0.7297297297297297,1.0,1.0
external_iscas85_c499,refactor_z,unknown,iscas85,medium,368,362,20,20,232,136,130,0.994773779304166,random,4096,0,1,232,,0.6408839779005525,0.6304347826086957,0.6408839779005525,0.3695652173913043,0.35911602209944754,0.016304347826086956,0.0,0.9166637441729972,0.9311028302668173,0.7297297297297297,1.0,1.0
external_iscas85_c499,resub,unknown,iscas85,high,368,368,20,20,368,0,0,1.0,random,4096,0,1,368,,1.0,1.0,1.0,0.0,0.0,0.0,0.0,1.0,1.0,1.0,1.0,1.0
external_iscas85_c499,resyn,unknown,iscas85,high,368,355,20,17,218,150,137,0.9419881185597434,random,4096,0,1,218,,0.6140845070422535,0.592391304347826,0.6140845070422535,0.4076086956521739,0.38591549295774646,0.035326086956521736,0.15,0.9075367242517606,0.8804905922064596,0.5714285714285714,1.0,1.0
external_iscas85_c499,resyn2,unknown,iscas85,very_high,368,355,20,17,122,246,233,0.9419881185597434,random,4096,0,1,122,,0.3436619718309859,0.33152173913043476,0.3436619718309859,0.6684782608695652,0.6563380281690141,0.035326086956521736,0.15,0.841925478653169,0.8301351097020583,0.5714285714285714,1.0,1.0
external_iscas85_c499,resyn2_like,unknown,iscas85,very_high,368,355,20,17,122,246,233,0.9419881185597434,random,4096,0,1,122,,0.3436619718309859,0.33152173913043476,0.3436619718309859,0.6684782608695652,0.6563380281690141,0.035326086956521736,0.15,0.841925478653169,0.8301351097020583,0.5714285714285714,1.0,1.0
external_iscas85_c499,rewrite,unknown,iscas85,medium,368,362,20,19,350,18,12,0.9955203822607137,random,4096,0,1,350,,0.9668508287292817,0.9510869565217391,0.9668508287292817,0.04891304347826087,0.03314917127071823,0.016304347826086956,0.05,0.9937406929816989,0.9862516683732572,0.7297297297297297,1.0,1.0
external_iscas85_c499,rewrite_z,unknown,iscas85,medium,368,362,20,18,218,150,144,0.9417825425580799,random,4096,0,1,218,,0.6022099447513812,0.592391304347826,0.6022099447513812,0.4076086956521739,0.39779005524861877,0.016304347826086956,0.1,0.9073641445096685,0.8868750727706513,0.5714285714285714,1.0,1.0
external_iscas85_c5315,balance,unknown,iscas85,low,1677,1543,38,35,1253,424,290,0.9591663398261977,random,4096,0,1,1253,,0.8120544394037589,0.7471675611210495,0.8120544394037589,0.2528324388789505,0.1879455605962411,0.07990459153249851,0.07894736842105263,0.9714164016931303,0.9374873297576463,0.3333333333333333,1.0,1.0
external_iscas85_c5315,compress2rs,unknown,iscas85,very_high,1677,1226,38,34,495,1182,731,0.9291687746756063,random,4096,0,1,495,,0.40375203915171287,0.295169946332737,0.40375203915171287,0.7048300536672629,0.5962479608482871,0.2689326177698271,0.10526315789473684,0.8775284286424347,0.8322443293155194,0.3333333333333333,1.0,1.0
external_iscas85_c5315,dc2,unknown,iscas85,very_high,1677,1258,38,29,213,1464,1045,0.9427769525350383,random,4096,0,1,213,,0.16931637519872814,0.12701252236135957,0.16931637519872814,0.8729874776386404,0.8306836248012719,0.24985092426952893,0.23684210526315788,0.8331605459434619,0.7966166560272089,0.4166666666666667,1.0,1.0
external_iscas85_c5315,refactor,unknown,iscas85,medium,1677,1470,38,37,876,801,594,0.9553847021325927,random,4096,0,1,876,,0.5959183673469388,0.5223613595706619,0.5959183673469388,0.4776386404293381,0.40408163265306124,0.12343470483005367,0.02631578947368421,0.916544264190051,0.8937987073749988,0.45454545454545453,1.0,1.0
external_iscas85_c5315,refactor_z,unknown,iscas85,medium,1677,1460,38,37,741,936,719,0.9507636689905943,random,4096,0,1,741,,0.5075342465753425,0.4418604651162791,0.5075342465753425,0.5581395348837209,0.49246575342465754,0.12939773404889685,0.02631578947368421,0.8977992227632705,0.8657001235758647,0.45454545454545453,1.0,1.0
external_iscas85_c5315,resub,unknown,iscas85,high,1677,1559,38,38,1518,159,41,0.9909448780891001,random,4096,0,1,1518,,0.9737010904425915,0.9051878354203936,0.9737010904425915,0.09481216457960644,0.026298909557408594,0.07036374478234943,0.0,0.9975847460812219,0.9867273738943967,0.4166666666666667,1.0,1.0
external_iscas85_c5315,resyn,unknown,iscas85,high,1677,1243,38,28,619,1058,624,0.9410632086105604,random,4096,0,1,619,,0.49798873692679,0.36911150864639236,0.49798873692679,0.6308884913536076,0.50201126307321,0.2587954680977937,0.2631578947368421,0.9036579454319188,0.8675395520376924,0.3333333333333333,1.0,1.0
external_iscas85_c5315,resyn2,unknown,iscas85,very_high,1677,1242,38,32,486,1191,756,0.9304804623902562,random,4096,0,1,486,,0.391304347826087,0.2898032200357782,0.391304347826087,0.7101967799642218,0.6086956521739131,0.259391771019678,0.15789473684210525,0.8758664829911433,0.832241697235251,0.3333333333333333,1.0,1.0
external_iscas85_c5315,resyn2_like,unknown,iscas85,very_high,1677,1242,38,32,486,1191,756,0.9304804623902562,random,4096,0,1,486,,0.391304347826087,0.2898032200357782,0.391304347826087,0.7101967799642218,0.6086956521739131,0.259391771019678,0.15789473684210525,0.8758664829911433,0.832241697235251,0.3333333333333333,1.0,1.0
external_iscas85_c5315,rewrite,unknown,iscas85,medium,1677,1379,38,38,996,681,383,0.9760539588534275,random,4096,0,1,996,,0.7222625090645395,0.59391771019678,0.7222625090645395,0.40608228980322003,0.27773749093546046,0.17769827072152652,0.0,0.9572497195658085,0.9372952603777375,0.45454545454545453,1.0,1.0
external_iscas85_c5315,rewrite_z,unknown,iscas85,medium,1677,1366,38,34,618,1059,748,0.9488645270611051,random,4096,0,1,618,,0.45241581259150804,0.3685152057245081,0.45241581259150804,0.631484794275492,0.5475841874084919,0.18545020870602266,0.10526315789473684,0.8990889586955527,0.872989241195199,0.45454545454545453,1.0,1.0
external_iscas85_c6288,balance,unknown,iscas85,low,2305,2305,120,120,2305,0,0,1.0,random,4096,0,1,2305,,1.0,1.0,1.0,0.0,0.0,0.0,0.0,1.0,1.0,1.0,1.0,1.0
external_iscas85_c6288,compress2rs,unknown,iscas85,very_high,2305,1838,120,89,949,1356,889,1.0,random,4096,0,1,949,,0.5163220892274211,0.41171366594360087,0.5163220892274211,0.5882863340563992,0.4836779107725789,0.20260303687635575,0.25833333333333336,0.952208742093988,0.8910856604762548,1.0,1.0,1.0
external_iscas85_c6288,dc2,unknown,iscas85,very_high,2305,1838,120,89,951,1354,887,1.0,random,4096,0,1,951,,0.5174102285092492,0.4125813449023861,0.5174102285092492,0.5874186550976139,0.48258977149075083,0.20260303687635575,0.25833333333333336,0.9522629365308759,0.8911199654662518,1.0,1.0,1.0
external_iscas85_c6288,refactor,unknown,iscas85,medium,2305,2304,120,120,2303,2,1,1.0,random,4096,0,1,2303,,0.9995659722222222,0.9991323210412147,0.9995659722222222,0.0008676789587852494,0.00043402777777777775,0.0004338394793926247,0.0,1.0,0.9972439236111111,1.0,1.0,1.0
external_iscas85_c6288,refactor_z,unknown,iscas85,medium,2305,2289,120,119,2288,17,1,1.0,random,4096,0,1,2288,,0.999563128003495,0.9926247288503254,0.999563128003495,0.00737527114967462,0.00043687199650502403,0.006941431670281995,0.008333333333333333,1.0,0.9550037113206623,1.0,1.0,1.0
external_iscas85_c6288,resub,unknown,iscas85,high,2305,2302,120,120,2302,3,0,1.0,random,4096,0,1,2302,,1.0,0.9986984815618222,1.0,0.0013015184381778742,0.0,0.0013015184381778742,0.0,1.0,0.9966566008744552,1.0,1.0,1.0
external_iscas85_c6288,resyn,unknown,iscas85,high,2305,1866,120,89,978,1327,888,1.0,random,4096,0,1,978,,0.5241157556270096,0.424295010845987,0.5241157556270096,0.575704989154013,0.4758842443729904,0.19045553145336225,0.25833333333333336,0.9528522062148312,0.8915583470644334,1.0,1.0,1.0
external_iscas85_c6288,resyn2,unknown,iscas85,very_high,2305,1838,120,89,949,1356,889,1.0,random,4096,0,1,949,,0.5163220892274211,0.41171366594360087,0.5163220892274211,0.5882863340563992,0.4836779107725789,0.20260303687635575,0.25833333333333336,0.952208742093988,0.8910856604762548,1.0,1.0,1.0
external_iscas85_c6288,resyn2_like,unknown,iscas85,very_high,2305,1838,120,89,949,1356,889,1.0,random,4096,0,1,949,,0.5163220892274211,0.41171366594360087,0.5163220892274211,0.5882863340563992,0.4836779107725789,0.20260303687635575,0.25833333333333336,0.952208742093988,0.8910856604762548,1.0,1.0,1.0
external_iscas85_c6288,rewrite,unknown,iscas85,medium,2305,2273,120,117,2177,128,96,1.0,random,4096,0,1,2177,,0.957765068191817,0.944468546637744,0.957765068191817,0.05553145336225596,0.04223493180818302,0.01388286334056399,0.025,0.9968139272506049,0.9747629740086833,1.0,1.0,1.0
external_iscas85_c6288,rewrite_z,unknown,iscas85,medium,2305,1866,120,89,978,1327,888,1.0,random,4096,0,1,978,,0.5241157556270096,0.424295010845987,0.5241157556270096,0.575704989154013,0.4758842443729904,0.19045553145336225,0.25833333333333336,0.9528522062148312,0.8915583470644334,1.0,1.0,1.0
external_iscas85_c7552,balance,unknown,iscas85,low,2027,2010,29,29,1836,191,174,0.9848899364885807,random,4096,0,1,1836,,0.9134328358208955,0.9057720769610261,0.9134328358208955,0.09422792303897386,0.08656716417910448,0.008386778490379871,0.0,0.9923769822761194,0.9776098105691196,0.25,1.0,1.0
external_iscas85_c7552,compress2rs,unknown,iscas85,very_high,2027,1463,29,28,482,1545,981,0.9542850770050404,random,4096,0,1,482,,0.32946001367054,0.2377898371978293,0.32946001367054,0.7622101628021707,0.67053998632946,0.27824370991613223,0.034482758620689655,0.8703291209201982,0.8462880860788199,0.25,1.0,1.0
external_iscas85_c7552,dc2,unknown,iscas85,very_high,2027,1399,29,36,448,1579,951,0.9519446738090469,random,4096,0,1,448,,0.320228734810579,0.22101628021706957,0.320228734810579,0.7789837197829305,0.679771265189421,0.30981746423285644,-0.2413793103448276,0.8740106982107756,0.8433220431942186,0.25,1.0,1.0
external_iscas85_c7552,refactor,unknown,iscas85,medium,2027,1796,29,28,1458,569,338,0.9862576729195149,random,4096,0,1,1458,,0.811804008908686,0.7192895905278737,0.811804008908686,0.2807104094721263,0.18819599109131402,0.1139615194869265,0.034482758620689655,0.9742915571930679,0.9571442236617461,0.4,1.0,1.0
external_iscas85_c7552,refactor_z,unknown,iscas85,medium,2027,1771,29,28,1024,1003,747,0.9776209061301275,random,4096,0,1,1024,,0.5782044042913608,0.5051800690675876,0.5782044042913608,0.49481993093241244,0.42179559570863917,0.1262950172668969,0.034482758620689655,0.932520689229249,0.907576188504159,0.25,1.0,1.0
external_iscas85_c7552,resub,unknown,iscas85,high,2027,1841,29,28,1832,195,9,0.9928232559620305,random,4096,0,1,1832,,0.9951113525258012,0.9037987173162308,0.9951113525258012,0.09620128268376912,0.004888647474198805,0.09176122348297977,0.034482758620689655,0.9994654367955594,0.9822461044832282,0.75,1.0,1.0
external_iscas85_c7552,resyn,unknown,iscas85,high,2027,1551,29,25,886,1141,665,0.9626555397848565,random,4096,0,1,886,,0.571244358478401,0.437099161322151,0.571244358478401,0.562900838677849,0.42875564152159895,0.23482979773063642,0.13793103448275862,0.9230683140413443,0.9099234789477727,0.25,1.0,1.0
external_iscas85_c7552,resyn2,unknown,iscas85,very_high,2027,1492,29,27,487,1540,1005,0.9610314550850192,random,4096,0,1,487,,0.32640750670241286,0.24025653675382339,0.32640750670241286,0.7597434632461766,0.6735924932975871,0.26393685249136656,0.06896551724137931,0.8698581562604725,0.8487628587883217,0.25,1.0,1.0
external_iscas85_c7552,resyn2_like,unknown,iscas85,very_high,2027,1492,29,27,487,1540,1005,0.9610314550850192,random,4096,0,1,487,,0.32640750670241286,0.24025653675382339,0.32640750670241286,0.7597434632461766,0.6735924932975871,0.26393685249136656,0.06896551724137931,0.8698581562604725,0.8487628587883217,0.25,1.0,1.0
external_iscas85_c7552,rewrite,unknown,iscas85,medium,2027,1649,29,29,1392,635,257,0.9908924526723193,random,4096,0,1,1392,,0.8441479684657368,0.6867291563887519,0.8441479684657368,0.31327084361124813,0.1558520315342632,0.18648248643315243,0.0,0.9815868518799272,0.9718495082778899,0.4,1.0,1.0
external_iscas85_c7552,rewrite_z,unknown,iscas85,medium,2027,1680,29,25,989,1038,691,0.9750448833507899,random,4096,0,1,989,,0.5886904761904762,0.487913172175629,0.5886904761904762,0.512086827824371,0.4113095238095238,0.17118894918598915,0.13793103448275862,0.9295064290364583,0.9197176865457126,0.4,1.0,1.0
external_iscas85_c880,balance,unknown,iscas85,low,301,298,24,21,232,69,66,0.9576057020928818,random,4096,0,1,232,,0.7785234899328859,0.770764119601329,0.7785234899328859,0.2292358803986711,0.2214765100671141,0.009966777408637873,0.125,0.9669820286283557,0.9190797216737081,0.3333333333333333,1.0,1.0
external_iscas85_c880,compress2rs,unknown,iscas85,very_high,301,286,24,21,156,145,130,0.8966163716461253,random,4096,0,1,156,,0.5454545454545454,0.5182724252491694,0.5454545454545454,0.48172757475083056,0.45454545454545453,0.04983388704318937,0.125,0.9112565900895979,0.8567959510120334,0.2222222222222222,1.0,1.0
external_iscas85_c880,dc2,unknown,iscas85,very_high,301,280,24,27,168,133,112,0.9178057859908677,random,4096,0,1,168,,0.6,0.5581395348837209,0.6,0.4418604651162791,0.4,0.06976744186046512,-0.125,0.9236790248325892,0.8823602309229817,0.2222222222222222,1.0,1.0
external_iscas85_c880,refactor,unknown,iscas85,medium,301,295,24,24,293,8,2,1.0,random,4096,0,1,293,,0.9932203389830508,0.973421926910299,0.9932203389830508,0.026578073089700997,0.006779661016949152,0.019933554817275746,0.0,0.9993900622351695,0.9976927055746823,1.0,1.0,1.0
external_iscas85_c880,refactor_z,unknown,iscas85,medium,301,295,24,24,218,83,77,0.9810135881068085,random,4096,0,1,218,,0.7389830508474576,0.7242524916943521,0.7389830508474576,0.2757475083056478,0.26101694915254237,0.019933554817275746,0.0,0.9536016949152543,0.9462372755476552,0.5,1.0,1.0
external_iscas85_c880,resub,unknown,iscas85,high,301,293,24,24,293,8,0,1.0,random,4096,0,1,293,,1.0,0.973421926910299,1.0,0.026578073089700997,0.0,0.026578073089700997,0.0,1.0,0.9968145620022754,1.0,1.0,1.0
external_iscas85_c880,resyn,unknown,iscas85,high,301,289,24,21,176,125,113,0.9335043912281958,random,4096,0,1,176,,0.6089965397923875,0.584717607973422,0.6089965397923875,0.4152823920265781,0.39100346020761245,0.03986710963455149,0.125,0.9239100683931661,0.877970882058327,0.2222222222222222,1.0,1.0
external_iscas85_c880,resyn2,unknown,iscas85,very_high,301,289,24,21,150,151,139,0.8976895580996257,random,4096,0,1,150,,0.5190311418685121,0.4983388704318937,0.5190311418685121,0.5016611295681063,0.4809688581314879,0.03986710963455149,0.125,0.9061300416306228,0.8551029446847082,0.2222222222222222,1.0,1.0
external_iscas85_c880,resyn2_like,unknown,iscas85,very_high,301,289,24,21,150,151,139,0.8976895580996257,random,4096,0,1,150,,0.5190311418685121,0.4983388704318937,0.5190311418685121,0.5016611295681063,0.4809688581314879,0.03986710963455149,0.125,0.9061300416306228,0.8551029446847082,0.2222222222222222,1.0,1.0
external_iscas85_c880,rewrite,unknown,iscas85,medium,301,290,24,24,287,14,3,0.9982758620689656,random,4096,0,1,287,,0.9896551724137931,0.9534883720930233,0.9896551724137931,0.046511627906976744,0.010344827586206896,0.036544850498338874,0.0,0.9988617995689655,0.9740620815080742,0.5,1.0,1.0
external_iscas85_c880,rewrite_z,unknown,iscas85,medium,301,290,24,24,199,102,91,0.9577233367228807,random,4096,0,1,199,,0.6862068965517242,0.6611295681063123,0.6862068965517242,0.3388704318936877,0.3137931034482759,0.036544850498338874,0.0,0.9475223935883621,0.9200350111167359,0.3333333333333333,1.0,1.0
generated_adder_4,balance,adder,generated,low,31,31,10,10,31,0,0,1.0,exact,512,1,1,31,31,1.0,1.0,1.0,0.0,0.0,0.0,0.0,1.0,1.0,1.0,1.0,1.0
generated_adder_4,compress2rs,adder,generated,very_high,31,23,10,10,11,20,12,1.0,exact,512,1,1,11,11,0.4782608695652174,0.3548387096774194,0.4782608695652174,0.6451612903225806,0.5217391304347826,0.25806451612903225,0.0,0.8695652173913043,0.8873792270531401,1.0,1.0,1.0
generated_adder_4,dc2,adder,generated,very_high,31,23,10,10,11,20,12,1.0,exact,512,1,1,11,11,0.4782608695652174,0.3548387096774194,0.4782608695652174,0.6451612903225806,0.5217391304347826,0.25806451612903225,0.0,0.8695652173913043,0.8873792270531401,1.0,1.0,1.0
generated_adder_4,refactor,adder,generated,medium,31,23,10,10,11,20,12,1.0,exact,512,1,1,11,11,0.4782608695652174,0.3548387096774194,0.4782608695652174,0.6451612903225806,0.5217391304347826,0.25806451612903225,0.0,0.8695652173913043,0.8873792270531401,1.0,1.0,1.0
generated_adder_4,refactor_z,adder,generated,medium,31,23,10,10,11,20,12,1.0,exact,512,1,1,11,11,0.4782608695652174,0.3548387096774194,0.4782608695652174,0.6451612903225806,0.5217391304347826,0.25806451612903225,0.0,0.8695652173913043,0.8873792270531401,1.0,1.0,1.0
generated_adder_4,resub,adder,generated,high,31,31,10,10,31,0,0,1.0,exact,512,1,1,31,31,1.0,1.0,1.0,0.0,0.0,0.0,0.0,1.0,1.0,1.0,1.0,1.0
generated_adder_4,resyn,adder,generated,high,31,28,10,10,25,6,3,1.0,exact,512,1,1,25,25,0.8928571428571429,0.8064516129032258,0.8928571428571429,0.1935483870967742,0.10714285714285714,0.0967741935483871,0.0,0.9732142857142857,0.9708829365079366,1.0,1.0,1.0
generated_adder_4,resyn2,adder,generated,very_high,31,23,10,10,11,20,12,1.0,exact,512,1,1,11,11,0.4782608695652174,0.3548387096774194,0.4782608695652174,0.6451612903225806,0.5217391304347826,0.25806451612903225,0.0,0.8695652173913043,0.8873792270531401,1.0,1.0,1.0
generated_adder_4,resyn2_like,adder,generated,very_high,31,23,10,10,11,20,12,1.0,exact,512,1,1,11,11,0.4782608695652174,0.3548387096774194,0.4782608695652174,0.6451612903225806,0.5217391304347826,0.25806451612903225,0.0,0.8695652173913043,0.8873792270531401,1.0,1.0,1.0
generated_adder_4,rewrite,adder,generated,medium,31,28,10,10,25,6,3,1.0,exact,512,1,1,25,25,0.8928571428571429,0.8064516129032258,0.8928571428571429,0.1935483870967742,0.10714285714285714,0.0967741935483871,0.0,0.9732142857142857,0.9708829365079366,1.0,1.0,1.0
generated_adder_4,rewrite_z,adder,generated,medium,31,28,10,10,25,6,3,1.0,exact,512,1,1,25,25,0.8928571428571429,0.8064516129032258,0.8928571428571429,0.1935483870967742,0.10714285714285714,0.0967741935483871,0.0,0.9732142857142857,0.9708829365079366,1.0,1.0,1.0
generated_adder_8,balance,adder,generated,low,63,63,18,18,63,0,0,1.0,random,4096,0,1,63,,1.0,1.0,1.0,0.0,0.0,0.0,0.0,1.0,1.0,1.0,1.0,1.0
generated_adder_8,compress2rs,adder,generated,very_high,63,47,18,18,23,40,24,1.0,random,4096,0,1,23,,0.48936170212765956,0.36507936507936506,0.48936170212765956,0.6349206349206349,0.5106382978723404,0.25396825396825395,0.0,0.8757895611702128,0.8931598348061187,1.0,1.0,1.0
generated_adder_8,dc2,adder,generated,very_high,63,47,18,18,23,40,24,1.0,random,4096,0,1,23,,0.48936170212765956,0.36507936507936506,0.48936170212765956,0.6349206349206349,0.5106382978723404,0.25396825396825395,0.0,0.8757895611702128,0.8931598348061187,1.0,1.0,1.0
generated_adder_8,refactor,adder,generated,medium,63,47,18,18,23,40,24,1.0,random,4096,0,1,23,,0.48936170212765956,0.36507936507936506,0.48936170212765956,0.6349206349206349,0.5106382978723404,0.25396825396825395,0.0,0.8757895611702128,0.8931598348061187,1.0,1.0,1.0
generated_adder_8,refactor_z,adder,generated,medium,63,47,18,18,23,40,24,1.0,random,4096,0,1,23,,0.48936170212765956,0.36507936507936506,0.48936170212765956,0.6349206349206349,0.5106382978723404,0.25396825396825395,0.0,0.8757895611702128,0.8931598348061187,1.0,1.0,1.0
generated_adder_8,resub,adder,generated,high,63,63,18,18,63,0,0,1.0,random,4096,0,1,63,,1.0,1.0,1.0,0.0,0.0,0.0,0.0,1.0,1.0,1.0,1.0,1.0
generated_adder_8,resyn,adder,generated,high,63,56,18,18,49,14,7,1.0,random,4096,0,1,49,,0.875,0.7777777777777778,0.875,0.2222222222222222,0.125,0.1111111111111111,0.0,0.9696044921875,0.9682492332161845,1.0,1.0,1.0
generated_adder_8,resyn2,adder,generated,very_high,63,47,18,18,23,40,24,1.0,random,4096,0,1,23,,0.48936170212765956,0.36507936507936506,0.48936170212765956,0.6349206349206349,0.5106382978723404,0.25396825396825395,0.0,0.8757895611702128,0.8931598348061187,1.0,1.0,1.0
generated_adder_8,resyn2_like,adder,generated,very_high,63,47,18,18,23,40,24,1.0,random,4096,0,1,23,,0.48936170212765956,0.36507936507936506,0.48936170212765956,0.6349206349206349,0.5106382978723404,0.25396825396825395,0.0,0.8757895611702128,0.8931598348061187,1.0,1.0,1.0
generated_adder_8,rewrite,adder,generated,medium,63,56,18,18,49,14,7,1.0,random,4096,0,1,49,,0.875,0.7777777777777778,0.875,0.2222222222222222,0.125,0.1111111111111111,0.0,0.9696044921875,0.9682492332161845,1.0,1.0,1.0
generated_adder_8,rewrite_z,adder,generated,medium,63,56,18,18,49,14,7,1.0,random,4096,0,1,49,,0.875,0.7777777777777778,0.875,0.2222222222222222,0.125,0.1111111111111111,0.0,0.9696044921875,0.9682492332161845,1.0,1.0,1.0
generated_multiplier_2,balance,multiplier,generated,low,8,8,4,4,8,0,0,1.0,exact,16,1,1,8,8,1.0,1.0,1.0,0.0,0.0,0.0,0.0,1.0,1.0,1.0,1.0,1.0
generated_multiplier_2,compress2rs,multiplier,generated,very_high,8,4,4,3,3,5,1,1.0,exact,16,1,1,3,3,0.75,0.375,0.75,0.625,0.25,0.5,0.25,0.859375,0.9140625,1.0,1.0,1.0
generated_multiplier_2,dc2,multiplier,generated,very_high,8,4,4,3,2,6,2,0.9375,exact,16,1,1,2,2,0.5,0.25,0.5,0.75,0.5,0.5,0.25,0.8125,0.85390625,0.75,1.0,1.0
generated_multiplier_2,refactor,multiplier,generated,medium,8,6,4,4,4,4,2,1.0,exact,16,1,1,4,4,0.6666666666666666,0.5,0.6666666666666666,0.5,0.3333333333333333,0.25,0.0,0.7916666666666666,0.8739583333333334,1.0,1.0,1.0
generated_multiplier_2,refactor_z,multiplier,generated,medium,8,6,4,4,4,4,2,1.0,exact,16,1,1,4,4,0.6666666666666666,0.5,0.6666666666666666,0.5,0.3333333333333333,0.25,0.0,0.7916666666666666,0.8739583333333334,1.0,1.0,1.0
generated_multiplier_2,resub,multiplier,generated,high,8,5,4,3,5,3,0,1.0,exact,16,1,1,5,5,1.0,0.625,1.0,0.375,0.0,0.375,0.25,1.0,1.0,1.0,1.0,1.0
generated_multiplier_2,resyn,multiplier,generated,high,8,5,4,3,5,3,0,1.0,exact,16,1,1,5,5,1.0,0.625,1.0,0.375,0.0,0.375,0.25,1.0,1.0,1.0,1.0,1.0
generated_multiplier_2,resyn2,multiplier,generated,very_high,8,4,4,3,3,5,1,1.0,exact,16,1,1,3,3,0.75,0.375,0.75,0.625,0.25,0.5,0.25,0.859375,0.9140625,1.0,1.0,1.0
generated_multiplier_2,resyn2_like,multiplier,generated,very_high,8,4,4,3,3,5,1,1.0,exact,16,1,1,3,3,0.75,0.375,0.75,0.625,0.25,0.5,0.25,0.859375,0.9140625,1.0,1.0,1.0
generated_multiplier_2,rewrite,multiplier,generated,medium,8,5,4,3,5,3,0,1.0,exact,16,1,1,5,5,1.0,0.625,1.0,0.375,0.0,0.375,0.25,1.0,1.0,1.0,1.0,1.0
generated_multiplier_2,rewrite_z,multiplier,generated,medium,8,5,4,3,5,3,0,1.0,exact,16,1,1,5,5,1.0,0.625,1.0,0.375,0.0,0.375,0.25,1.0,1.0,1.0,1.0,1.0
generated_multiplier_4,balance,multiplier,generated,low,112,112,36,36,104,8,8,1.0,exact,256,1,1,104,104,0.9285714285714286,0.9285714285714286,0.9285714285714286,0.07142857142857142,0.07142857142857142,0.0,0.0,0.9972446986607143,0.9970458984375,1.0,1.0,1.0
generated_multiplier_4,compress2rs,multiplier,generated,very_high,112,75,36,34,38,74,37,1.0,exact,256,1,1,38,38,0.5066666666666667,0.3392857142857143,0.5066666666666667,0.6607142857142857,0.49333333333333335,0.33035714285714285,0.05555555555555555,0.9636979166666667,0.9359940972222223,1.0,1.0,1.0
generated_multiplier_4,dc2,multiplier,generated,very_high,112,82,36,34,36,76,46,1.0,exact,256,1,1,36,36,0.43902439024390244,0.32142857142857145,0.43902439024390244,0.6785714285714286,0.5609756097560976,0.26785714285714285,0.05555555555555555,0.9590320121951219,0.9330236915650407,1.0,1.0,1.0
generated_multiplier_4,refactor,multiplier,generated,medium,112,100,36,36,80,32,20,1.0,exact,256,1,1,80,80,0.8,0.7142857142857143,0.8,0.2857142857142857,0.2,0.10714285714285714,0.0,0.98390625,0.9788768229166667,1.0,1.0,1.0
generated_multiplier_4,refactor_z,multiplier,generated,medium,112,100,36,35,58,54,42,1.0,exact,256,1,1,58,58,0.58,0.5178571428571429,0.58,0.48214285714285715,0.42,0.10714285714285714,0.027777777777777776,0.9682421875,0.9499563802083334,1.0,1.0,1.0
generated_multiplier_4,resub,multiplier,generated,high,112,101,36,36,97,15,4,1.0,exact,256,1,1,97,97,0.9603960396039604,0.8660714285714286,0.9603960396039604,0.13392857142857142,0.039603960396039604,0.09821428571428571,0.0,0.9994198638613861,0.9927025319719472,1.0,1.0,1.0
generated_multiplier_4,resyn,multiplier,generated,high,112,83,36,34,39,73,44,1.0,exact,256,1,1,39,39,0.46987951807228917,0.3482142857142857,0.46987951807228917,0.6517857142857143,0.5301204819277109,0.25892857142857145,0.05555555555555555,0.9639966114457831,0.938753921937751,1.0,1.0,1.0
generated_multiplier_4,resyn2,multiplier,generated,very_high,112,82,36,34,37,75,45,1.0,exact,256,1,1,37,37,0.45121951219512196,0.33035714285714285,0.45121951219512196,0.6696428571428571,0.5487804878048781,0.26785714285714285,0.05555555555555555,0.9598418445121951,0.9339330856199187,1.0,1.0,1.0
generated_multiplier_4,resyn2_like,multiplier,generated,very_high,112,82,36,34,37,75,45,1.0,exact,256,1,1,37,37,0.45121951219512196,0.33035714285714285,0.45121951219512196,0.6696428571428571,0.5487804878048781,0.26785714285714285,0.05555555555555555,0.9598418445121951,0.9339330856199187,1.0,1.0,1.0
generated_multiplier_4,rewrite,multiplier,generated,medium,112,85,36,36,58,54,27,1.0,exact,256,1,1,58,58,0.6823529411764706,0.5178571428571429,0.6823529411764706,0.48214285714285715,0.3176470588235294,0.24107142857142858,0.0,0.981295955882353,0.9729978553921569,1.0,1.0,1.0
generated_multiplier_4,rewrite_z,multiplier,generated,medium,112,91,36,33,47,65,44,1.0,exact,256,1,1,47,47,0.5164835164835165,0.41964285714285715,0.5164835164835165,0.5803571428571429,0.4835164835164835,0.1875,0.08333333333333333,0.9650154532967034,0.9336906192765568,1.0,1.0,1.0
generated_mux_tree_16,balance,mux_tree,generated,low,44,44,8,8,44,0,0,1.0,random,4096,0,1,44,,1.0,1.0,1.0,0.0,0.0,0.0,0.0,1.0,1.0,1.0,1.0,1.0
generated_mux_tree_16,compress2rs,mux_tree,generated,very_high,44,44,8,8,8,36,36,0.9363636363636364,random,4096,0,1,8,,0.18181818181818182,0.18181818181818182,0.18181818181818182,0.8181818181818182,0.8181818181818182,0.0,0.0,0.8224043412642046,0.7891126228101326,0.75,1.0,1.0
generated_mux_tree_16,dc2,mux_tree,generated,very_high,44,44,8,8,2,42,42,0.4559228650137741,random,4096,0,1,2,,0.045454545454545456,0.045454545454545456,0.045454545454545456,0.9545454545454546,0.9545454545454546,0.0,0.0,0.7856556285511364,0.6462536822862862,0.2727272727272727,0.3333333333333333,1.0
generated_mux_tree_16,refactor,mux_tree,generated,medium,44,44,8,8,44,0,0,1.0,random,4096,0,1,44,,1.0,1.0,1.0,0.0,0.0,0.0,0.0,1.0,1.0,1.0,1.0,1.0
generated_mux_tree_16,refactor_z,mux_tree,generated,medium,44,44,8,8,32,12,12,1.0,random,4096,0,1,32,,0.7272727272727273,0.7272727272727273,0.7272727272727273,0.2727272727272727,0.2727272727272727,0.0,0.0,0.9333829012784091,0.9286135586825284,1.0,1.0,1.0
generated_mux_tree_16,resub,mux_tree,generated,high,44,44,8,8,44,0,0,1.0,random,4096,0,1,44,,1.0,1.0,1.0,0.0,0.0,0.0,0.0,1.0,1.0,1.0,1.0,1.0
generated_mux_tree_16,resyn,mux_tree,generated,high,44,44,8,8,10,34,34,0.9306818181818182,random,4096,0,1,10,,0.22727272727272727,0.22727272727272727,0.22727272727272727,0.7727272727272727,0.7727272727272727,0.0,0.0,0.8392112038352273,0.7981607148141572,0.75,1.0,1.0
generated_mux_tree_16,resyn2,mux_tree,generated,very_high,44,44,8,8,8,36,36,0.9363636363636364,random,4096,0,1,8,,0.18181818181818182,0.18181818181818182,0.18181818181818182,0.8181818181818182,0.8181818181818182,0.0,0.0,0.8224043412642046,0.7891126228101326,0.75,1.0,1.0
generated_mux_tree_16,resyn2_like,mux_tree,generated,very_high,44,44,8,8,8,36,36,0.9363636363636364,random,4096,0,1,8,,0.18181818181818182,0.18181818181818182,0.18181818181818182,0.8181818181818182,0.8181818181818182,0.0,0.0,0.8224043412642046,0.7891126228101326,0.75,1.0,1.0
generated_mux_tree_16,rewrite,mux_tree,generated,medium,44,44,8,8,44,0,0,1.0,random,4096,0,1,44,,1.0,1.0,1.0,0.0,0.0,0.0,0.0,1.0,1.0,1.0,1.0,1.0
generated_mux_tree_16,rewrite_z,mux_tree,generated,medium,44,44,8,8,14,30,30,0.9488636363636364,random,4096,0,1,14,,0.3181818181818182,0.3181818181818182,0.3181818181818182,0.6818181818181818,0.6818181818181818,0.0,0.0,0.8614335493607954,0.8300801595052083,0.75,1.0,1.0
generated_mux_tree_4,balance,mux_tree,generated,low,8,8,4,4,8,0,0,1.0,exact,64,1,1,8,8,1.0,1.0,1.0,0.0,0.0,0.0,0.0,1.0,1.0,1.0,1.0,1.0
generated_mux_tree_4,compress2rs,mux_tree,generated,very_high,8,8,4,4,0,8,8,1.0,exact,64,1,1,0,0,0.0,0.0,0.0,1.0,1.0,0.0,0.0,0.75,0.7250000000000001,1.0,1.0,1.0
generated_mux_tree_4,dc2,mux_tree,generated,very_high,8,8,4,4,5,3,3,0.96875,exact,64,1,1,5,5,0.625,0.625,0.625,0.375,0.375,0.0,0.0,0.890625,0.88828125,0.75,1.0,1.0
generated_mux_tree_4,refactor,mux_tree,generated,medium,8,8,4,4,8,0,0,1.0,exact,64,1,1,8,8,1.0,1.0,1.0,0.0,0.0,0.0,0.0,1.0,1.0,1.0,1.0,1.0
generated_mux_tree_4,refactor_z,mux_tree,generated,medium,8,8,4,4,0,8,8,1.0,exact,64,1,1,0,0,0.0,0.0,0.0,1.0,1.0,0.0,0.0,0.75,0.7250000000000001,1.0,1.0,1.0
generated_mux_tree_4,resub,mux_tree,generated,high,8,8,4,4,8,0,0,1.0,exact,64,1,1,8,8,1.0,1.0,1.0,0.0,0.0,0.0,0.0,1.0,1.0,1.0,1.0,1.0
generated_mux_tree_4,resyn,mux_tree,generated,high,8,8,4,4,2,6,6,0.9375,exact,64,1,1,2,2,0.25,0.25,0.25,0.75,0.75,0.0,0.0,0.84375,0.8109375,0.75,1.0,1.0
generated_mux_tree_4,resyn2,mux_tree,generated,very_high,8,8,4,4,0,8,8,1.0,exact,64,1,1,0,0,0.0,0.0,0.0,1.0,1.0,0.0,0.0,0.75,0.7250000000000001,1.0,1.0,1.0
generated_mux_tree_4,resyn2_like,mux_tree,generated,very_high,8,8,4,4,0,8,8,1.0,exact,64,1,1,0,0,0.0,0.0,0.0,1.0,1.0,0.0,0.0,0.75,0.7250000000000001,1.0,1.0,1.0
generated_mux_tree_4,rewrite,mux_tree,generated,medium,8,8,4,4,8,0,0,1.0,exact,64,1,1,8,8,1.0,1.0,1.0,0.0,0.0,0.0,0.0,1.0,1.0,1.0,1.0,1.0
generated_mux_tree_4,rewrite_z,mux_tree,generated,medium,8,8,4,4,2,6,6,0.9375,exact,64,1,1,2,2,0.25,0.25,0.25,0.75,0.75,0.0,0.0,0.84375,0.8109375,0.75,1.0,1.0
generated_mux_tree_8,balance,mux_tree,generated,low,20,20,6,6,20,0,0,1.0,exact,2048,1,1,20,20,1.0,1.0,1.0,0.0,0.0,0.0,0.0,1.0,1.0,1.0,1.0,1.0
generated_mux_tree_8,compress2rs,mux_tree,generated,very_high,20,20,6,6,8,12,12,0.95,exact,2048,1,1,8,8,0.4,0.4,0.4,0.6,0.6,0.0,0.0,0.85,0.82875,0.75,1.0,1.0
generated_mux_tree_8,dc2,mux_tree,generated,very_high,20,20,6,6,0,20,20,0.4321428571428571,exact,2048,1,1,0,0,0.0,0.0,0.0,1.0,1.0,0.0,0.0,0.7375,0.5815416666666667,0.25,0.41666666666666663,0.6666666666666666
generated_mux_tree_8,refactor,mux_tree,generated,medium,20,20,6,6,20,0,0,1.0,exact,2048,1,1,20,20,1.0,1.0,1.0,0.0,0.0,0.0,0.0,1.0,1.0,1.0,1.0,1.0
generated_mux_tree_8,refactor_z,mux_tree,generated,medium,20,20,6,6,12,8,8,1.0,exact,2048,1,1,12,12,0.6,0.6,0.6,0.4,0.4,0.0,0.0,0.9,0.8975000000000001,1.0,1.0,1.0
generated_mux_tree_8,resub,mux_tree,generated,high,20,20,6,6,20,0,0,1.0,exact,2048,1,1,20,20,1.0,1.0,1.0,0.0,0.0,0.0,0.0,1.0,1.0,1.0,1.0,1.0
generated_mux_tree_8,resyn,mux_tree,generated,high,20,20,6,6,8,12,12,0.95,exact,2048,1,1,8,8,0.4,0.4,0.4,0.6,0.6,0.0,0.0,0.875,0.84875,0.75,1.0,1.0
generated_mux_tree_8,resyn2,mux_tree,generated,very_high,20,20,6,6,8,12,12,0.95,exact,2048,1,1,8,8,0.4,0.4,0.4,0.6,0.6,0.0,0.0,0.85,0.82875,0.75,1.0,1.0
generated_mux_tree_8,resyn2_like,mux_tree,generated,very_high,20,20,6,6,8,12,12,0.95,exact,2048,1,1,8,8,0.4,0.4,0.4,0.6,0.6,0.0,0.0,0.85,0.82875,0.75,1.0,1.0
generated_mux_tree_8,rewrite,mux_tree,generated,medium,20,20,6,6,20,0,0,1.0,exact,2048,1,1,20,20,1.0,1.0,1.0,0.0,0.0,0.0,0.0,1.0,1.0,1.0,1.0,1.0
generated_mux_tree_8,rewrite_z,mux_tree,generated,medium,20,20,6,6,8,12,12,0.95,exact,2048,1,1,8,8,0.4,0.4,0.4,0.6,0.6,0.0,0.0,0.875,0.84875,0.75,1.0,1.0
generated_random_medium,balance,random,generated,low,17,17,7,7,17,0,0,1.0,random,4096,0,1,17,,1.0,1.0,1.0,0.0,0.0,0.0,0.0,1.0,1.0,1.0,1.0,1.0
generated_random_medium,compress2rs,random,generated,very_high,17,17,7,7,6,11,11,0.9117647058823529,random,4096,0,1,6,,0.35294117647058826,0.35294117647058826,0.35294117647058826,0.6470588235294118,0.6470588235294118,0.0,0.0,0.8656652113970589,0.8465652765012255,0.5,1.0,1.0
generated_random_medium,dc2,random,generated,very_high,17,17,7,7,9,8,8,0.9117647058823529,random,4096,0,1,9,,0.5294117647058824,0.5294117647058824,0.5294117647058824,0.47058823529411764,0.47058823529411764,0.0,0.0,0.8767233455882353,0.8559919768688725,0.5,1.0,1.0
generated_random_medium,refactor,random,generated,medium,17,17,7,7,17,0,0,1.0,random,4096,0,1,17,,1.0,1.0,1.0,0.0,0.0,0.0,0.0,1.0,1.0,1.0,1.0,1.0
generated_random_medium,refactor_z,random,generated,medium,17,17,7,7,8,9,9,1.0,random,4096,0,1,8,,0.47058823529411764,0.47058823529411764,0.47058823529411764,0.5294117647058824,0.5294117647058824,0.0,0.0,0.9107881433823529,0.9215619255514707,1.0,1.0,1.0
generated_random_medium,resub,random,generated,high,17,17,7,7,17,0,0,1.0,random,4096,0,1,17,,1.0,1.0,1.0,0.0,0.0,0.0,0.0,1.0,1.0,1.0,1.0,1.0
generated_random_medium,resyn,random,generated,high,17,17,7,7,9,8,8,0.9117647058823529,random,4096,0,1,9,,0.5294117647058824,0.5294117647058824,0.5294117647058824,0.47058823529411764,0.47058823529411764,0.0,0.0,0.9076717601102942,0.8845135857077207,0.5,1.0,1.0
generated_random_medium,resyn2,random,generated,very_high,17,17,7,7,6,11,11,0.9117647058823529,random,4096,0,1,6,,0.35294117647058826,0.35294117647058826,0.35294117647058826,0.6470588235294118,0.6470588235294118,0.0,0.0,0.8656652113970589,0.8465652765012255,0.5,1.0,1.0
generated_random_medium,resyn2_like,random,generated,very_high,17,17,7,7,6,11,11,0.9117647058823529,random,4096,0,1,6,,0.35294117647058826,0.35294117647058826,0.35294117647058826,0.6470588235294118,0.6470588235294118,0.0,0.0,0.8656652113970589,0.8465652765012255,0.5,1.0,1.0
generated_random_medium,rewrite,random,generated,medium,17,17,7,7,17,0,0,1.0,random,4096,0,1,17,,1.0,1.0,1.0,0.0,0.0,0.0,0.0,1.0,1.0,1.0,1.0,1.0
generated_random_medium,rewrite_z,random,generated,medium,17,17,7,7,9,8,8,0.9117647058823529,random,4096,0,1,9,,0.5294117647058824,0.5294117647058824,0.5294117647058824,0.47058823529411764,0.47058823529411764,0.0,0.0,0.9113625919117647,0.8865435431985295,0.5,1.0,1.0
generated_random_small,balance,random,generated,low,0,0,2,2,0,0,0,0.0,exact,256,1,0,0,0,,,,,,0.0,0.0,0.0,0.0,0.0,0.0,0.0
generated_random_small,compress2rs,random,generated,very_high,0,0,2,2,0,0,0,0.0,exact,256,1,0,0,0,,,,,,0.0,0.0,0.0,0.0,0.0,0.0,0.0
generated_random_small,dc2,random,generated,very_high,0,0,2,2,0,0,0,0.0,exact,256,1,0,0,0,,,,,,0.0,0.0,0.0,0.0,0.0,0.0,0.0
generated_random_small,refactor,random,generated,medium,0,0,2,2,0,0,0,0.0,exact,256,1,0,0,0,,,,,,0.0,0.0,0.0,0.0,0.0,0.0,0.0
generated_random_small,refactor_z,random,generated,medium,0,0,2,2,0,0,0,0.0,exact,256,1,0,0,0,,,,,,0.0,0.0,0.0,0.0,0.0,0.0,0.0
generated_random_small,resub,random,generated,high,0,0,2,2,0,0,0,0.0,exact,256,1,0,0,0,,,,,,0.0,0.0,0.0,0.0,0.0,0.0,0.0
generated_random_small,resyn,random,generated,high,0,0,2,2,0,0,0,0.0,exact,256,1,0,0,0,,,,,,0.0,0.0,0.0,0.0,0.0,0.0,0.0
generated_random_small,resyn2,random,generated,very_high,0,0,2,2,0,0,0,0.0,exact,256,1,0,0,0,,,,,,0.0,0.0,0.0,0.0,0.0,0.0,0.0
generated_random_small,resyn2_like,random,generated,very_high,0,0,2,2,0,0,0,0.0,exact,256,1,0,0,0,,,,,,0.0,0.0,0.0,0.0,0.0,0.0,0.0
generated_random_small,rewrite,random,generated,medium,0,0,2,2,0,0,0,0.0,exact,256,1,0,0,0,,,,,,0.0,0.0,0.0,0.0,0.0,0.0,0.0
generated_random_small,rewrite_z,random,generated,medium,0,0,2,2,0,0,0,0.0,exact,256,1,0,0,0,,,,,,0.0,0.0,0.0,0.0,0.0,0.0,0.0
generated_xor_chain_16,balance,xor_chain,generated,low,44,44,30,30,44,0,0,1.0,random,4096,0,1,44,,1.0,1.0,1.0,0.0,0.0,0.0,0.0,1.0,1.0,1.0,1.0,1.0
generated_xor_chain_16,compress2rs,xor_chain,generated,very_high,44,44,30,16,0,44,44,0.5848341052886508,random,4096,0,1,0,,0.0,0.0,0.0,1.0,1.0,0.0,0.4666666666666667,0.6765636097301136,0.5940954386422576,0.5,0.5333333333333333,1.0
generated_xor_chain_16,dc2,xor_chain,generated,very_high,44,44,30,10,0,44,44,0.3981799450549451,random,4096,0,1,0,,0.0,0.0,0.0,1.0,1.0,0.0,0.6666666666666666,0.6611882990056818,0.5204847807032947,0.125,0.3333333333333333,1.0
generated_xor_chain_16,refactor,xor_chain,generated,medium,44,44,30,30,44,0,0,1.0,random,4096,0,1,44,,1.0,1.0,1.0,0.0,0.0,0.0,0.0,1.0,1.0,1.0,1.0,1.0
generated_xor_chain_16,refactor_z,xor_chain,generated,medium,44,44,30,30,41,3,3,1.0,random,4096,0,1,41,,0.9318181818181818,0.9318181818181818,0.9318181818181818,0.06818181818181818,0.06818181818181818,0.0,0.0,0.9834483753551136,0.9873776522549715,1.0,1.0,1.0
generated_xor_chain_16,resub,xor_chain,generated,high,44,44,30,30,44,0,0,1.0,random,4096,0,1,44,,1.0,1.0,1.0,0.0,0.0,0.0,0.0,1.0,1.0,1.0,1.0,1.0
generated_xor_chain_16,resyn,xor_chain,generated,high,44,44,30,16,3,41,41,0.5848341052886508,random,4096,0,1,3,,0.06818181818181818,0.06818181818181818,0.06818181818181818,0.9318181818181818,0.9318181818181818,0.0,0.4666666666666667,0.6932594992897727,0.6067032489227973,0.5,0.5333333333333333,1.0
generated_xor_chain_16,resyn2,xor_chain,generated,very_high,44,44,30,16,0,44,44,0.5848341052886508,random,4096,0,1,0,,0.0,0.0,0.0,1.0,1.0,0.0,0.4666666666666667,0.6765636097301136,0.5940954386422576,0.5,0.5333333333333333,1.0
generated_xor_chain_16,resyn2_like,xor_chain,generated,very_high,44,44,30,16,0,44,44,0.5848341052886508,random,4096,0,1,0,,0.0,0.0,0.0,1.0,1.0,0.0,0.4666666666666667,0.6765636097301136,0.5940954386422576,0.5,0.5333333333333333,1.0
generated_xor_chain_16,rewrite,xor_chain,generated,medium,44,44,30,30,44,0,0,1.0,random,4096,0,1,44,,1.0,1.0,1.0,0.0,0.0,0.0,0.0,1.0,1.0,1.0,1.0,1.0
generated_xor_chain_16,rewrite_z,xor_chain,generated,medium,44,44,30,16,3,41,41,0.5848341052886508,random,4096,0,1,3,,0.06818181818181818,0.06818181818181818,0.06818181818181818,0.9318181818181818,0.9318181818181818,0.0,0.4666666666666667,0.6932594992897727,0.6067032489227973,0.5,0.5333333333333333,1.0
generated_xor_chain_32,balance,xor_chain,generated,low,92,92,62,62,92,0,0,1.0,random,4096,0,1,92,,1.0,1.0,1.0,0.0,0.0,0.0,0.0,1.0,1.0,1.0,1.0,1.0
generated_xor_chain_32,compress2rs,xor_chain,generated,very_high,92,92,62,32,0,92,92,0.5462195222634025,random,4096,0,1,0,,0.0,0.0,0.0,1.0,1.0,0.0,0.4838709677419355,0.6747065005095109,0.5762843585635796,0.5,0.5161290322580645,1.0
generated_xor_chain_32,dc2,xor_chain,generated,very_high,92,92,62,12,0,92,92,0.278050406175836,random,4096,0,1,0,,0.0,0.0,0.0,1.0,1.0,0.0,0.8064516129032258,0.6539041270380435,0.47502291056713847,0.0625,0.1875,1.0
generated_xor_chain_32,refactor,xor_chain,generated,medium,92,92,62,62,92,0,0,1.0,random,4096,0,1,92,,1.0,1.0,1.0,0.0,0.0,0.0,0.0,1.0,1.0,1.0,1.0,1.0
generated_xor_chain_32,refactor_z,xor_chain,generated,medium,92,92,62,62,89,3,3,1.0,random,4096,0,1,89,,0.967391304347826,0.967391304347826,0.967391304347826,0.03260869565217391,0.03260869565217391,0.0,0.0,0.9920840056046195,0.9939632249915081,1.0,1.0,1.0
generated_xor_chain_32,resub,xor_chain,generated,high,92,92,62,62,92,0,0,1.0,random,4096,0,1,92,,1.0,1.0,1.0,0.0,0.0,0.0,0.0,1.0,1.0,1.0,1.0,1.0
generated_xor_chain_32,resyn,xor_chain,generated,high,92,92,62,32,3,89,89,0.5462195222634025,random,4096,0,1,3,,0.03260869565217391,0.03260869565217391,0.03260869565217391,0.967391304347826,0.967391304347826,0.0,0.4838709677419355,0.6827631411345109,0.5823141808716639,0.5,0.5161290322580645,1.0
generated_xor_chain_32,resyn2,xor_chain,generated,very_high,92,92,62,32,0,92,92,0.5462195222634025,random,4096,0,1,0,,0.0,0.0,0.0,1.0,1.0,0.0,0.4838709677419355,0.6747065005095109,0.5762843585635796,0.5,0.5161290322580645,1.0
generated_xor_chain_32,resyn2_like,xor_chain,generated,very_high,92,92,62,32,0,92,92,0.5462195222634025,random,4096,0,1,0,,0.0,0.0,0.0,1.0,1.0,0.0,0.4838709677419355,0.6747065005095109,0.5762843585635796,0.5,0.5161290322580645,1.0
generated_xor_chain_32,rewrite,xor_chain,generated,medium,92,92,62,62,92,0,0,1.0,random,4096,0,1,92,,1.0,1.0,1.0,0.0,0.0,0.0,0.0,1.0,1.0,1.0,1.0,1.0
generated_xor_chain_32,rewrite_z,xor_chain,generated,medium,92,92,62,32,3,89,89,0.5462195222634025,random,4096,0,1,3,,0.03260869565217391,0.03260869565217391,0.03260869565217391,0.967391304347826,0.967391304347826,0.0,0.4838709677419355,0.6827631411345109,0.5823141808716639,0.5,0.5161290322580645,1.0
generated_xor_chain_8,balance,xor_chain,generated,low,20,20,14,14,20,0,0,1.0,exact,256,1,1,20,20,1.0,1.0,1.0,0.0,0.0,0.0,0.0,1.0,1.0,1.0,1.0,1.0
generated_xor_chain_8,compress2rs,xor_chain,generated,very_high,20,20,14,8,0,20,20,0.6607142857142857,exact,256,1,1,0,0,0.0,0.0,0.0,1.0,1.0,0.0,0.42857142857142855,0.675,0.6256765873015873,0.5,0.5714285714285714,1.0
generated_xor_chain_8,dc2,xor_chain,generated,very_high,20,20,14,8,0,20,20,0.4858928571428571,exact,256,1,1,0,0,0.0,0.0,0.0,1.0,1.0,0.0,0.42857142857142855,0.65,0.5677959956709957,0.2857142857142857,0.42857142857142855,1.0
generated_xor_chain_8,refactor,xor_chain,generated,medium,20,20,14,14,20,0,0,1.0,exact,256,1,1,20,20,1.0,1.0,1.0,0.0,0.0,0.0,0.0,1.0,1.0,1.0,1.0,1.0
generated_xor_chain_8,refactor_z,xor_chain,generated,medium,20,20,14,14,17,3,3,1.0,exact,256,1,1,17,17,0.85,0.85,0.85,0.15,0.15,0.0,0.0,0.9625,0.971875,1.0,1.0,1.0
generated_xor_chain_8,resub,xor_chain,generated,high,20,20,14,14,20,0,0,1.0,exact,256,1,1,20,20,1.0,1.0,1.0,0.0,0.0,0.0,0.0,1.0,1.0,1.0,1.0,1.0
generated_xor_chain_8,resyn,xor_chain,generated,high,20,20,14,8,3,17,17,0.6607142857142857,exact,256,1,1,3,3,0.15,0.15,0.15,0.85,0.85,0.0,0.42857142857142855,0.7125,0.6538015873015873,0.5,0.5714285714285714,1.0
generated_xor_chain_8,resyn2,xor_chain,generated,very_high,20,20,14,8,0,20,20,0.6607142857142857,exact,256,1,1,0,0,0.0,0.0,0.0,1.0,1.0,0.0,0.42857142857142855,0.675,0.6256765873015873,0.5,0.5714285714285714,1.0
generated_xor_chain_8,resyn2_like,xor_chain,generated,very_high,20,20,14,8,0,20,20,0.6607142857142857,exact,256,1,1,0,0,0.0,0.0,0.0,1.0,1.0,0.0,0.42857142857142855,0.675,0.6256765873015873,0.5,0.5714285714285714,1.0
generated_xor_chain_8,rewrite,xor_chain,generated,medium,20,20,14,14,20,0,0,1.0,exact,256,1,1,20,20,1.0,1.0,1.0,0.0,0.0,0.0,0.0,1.0,1.0,1.0,1.0,1.0
generated_xor_chain_8,rewrite_z,xor_chain,generated,medium,20,20,14,8,3,17,17,0.6607142857142857,exact,256,1,1,3,3,0.15,0.15,0.15,0.85,0.85,0.0,0.42857142857142855,0.7125,0.6538015873015873,0.5,0.5714285714285714,1.0
majority3,balance,toy,toy,low,4,4,3,3,3,1,1,1.0,exact,8,1,1,3,3,0.75,0.75,0.75,0.25,0.25,0.0,0.0,0.9375,0.965625,1.0,1.0,1.0
majority3,compress2rs,toy,toy,very_high,4,3,3,3,1,3,2,1.0,exact,8,1,1,1,1,0.3333333333333333,0.25,0.3333333333333333,0.75,0.6666666666666666,0.25,0.0,0.7916666666666666,0.8624999999999999,1.0,1.0,1.0
majority3,dc2,toy,toy,very_high,4,3,3,3,1,3,2,1.0,exact,8,1,1,1,1,0.3333333333333333,0.25,0.3333333333333333,0.75,0.6666666666666666,0.25,0.0,0.7916666666666666,0.8624999999999999,1.0,1.0,1.0
majority3,refactor,toy,toy,medium,4,3,3,3,1,3,2,1.0,exact,8,1,1,1,1,0.3333333333333333,0.25,0.3333333333333333,0.75,0.6666666666666666,0.25,0.0,0.8333333333333334,0.8298611111111112,1.0,1.0,1.0
majority3,refactor_z,toy,toy,medium,4,3,3,3,1,3,2,1.0,exact,8,1,1,1,1,0.3333333333333333,0.25,0.3333333333333333,0.75,0.6666666666666666,0.25,0.0,0.7916666666666666,0.8624999999999999,1.0,1.0,1.0
majority3,resub,toy,toy,high,4,4,3,3,4,0,0,1.0,exact,8,1,1,4,4,1.0,1.0,1.0,0.0,0.0,0.0,0.0,1.0,1.0,1.0,1.0,1.0
majority3,resyn,toy,toy,high,4,4,3,3,3,1,1,1.0,exact,8,1,1,3,3,0.75,0.75,0.75,0.25,0.25,0.0,0.0,0.9375,0.965625,1.0,1.0,1.0
majority3,resyn2,toy,toy,very_high,4,3,3,3,1,3,2,1.0,exact,8,1,1,1,1,0.3333333333333333,0.25,0.3333333333333333,0.75,0.6666666666666666,0.25,0.0,0.7916666666666666,0.8624999999999999,1.0,1.0,1.0
majority3,resyn2_like,toy,toy,very_high,4,3,3,3,1,3,2,1.0,exact,8,1,1,1,1,0.3333333333333333,0.25,0.3333333333333333,0.75,0.6666666666666666,0.25,0.0,0.7916666666666666,0.8624999999999999,1.0,1.0,1.0
majority3,rewrite,toy,toy,medium,4,4,3,3,4,0,0,1.0,exact,8,1,1,4,4,1.0,1.0,1.0,0.0,0.0,0.0,0.0,1.0,1.0,1.0,1.0,1.0
majority3,rewrite_z,toy,toy,medium,4,4,3,3,3,1,1,1.0,exact,8,1,1,3,3,0.75,0.75,0.75,0.25,0.25,0.0,0.0,0.9375,0.965625,1.0,1.0,1.0
mux2,balance,toy,toy,low,2,2,2,2,2,0,0,1.0,exact,8,1,1,2,2,1.0,1.0,1.0,0.0,0.0,0.0,0.0,1.0,1.0,1.0,1.0,1.0
mux2,compress2rs,toy,toy,very_high,2,2,2,2,0,2,2,1.0,exact,8,1,1,0,0,0.0,0.0,0.0,1.0,1.0,0.0,0.0,0.5,0.725,1.0,1.0,1.0
mux2,dc2,toy,toy,very_high,2,2,2,2,0,2,2,1.0,exact,8,1,1,0,0,0.0,0.0,0.0,1.0,1.0,0.0,0.0,0.5,0.725,1.0,1.0,1.0
mux2,refactor,toy,toy,medium,2,2,2,2,2,0,0,1.0,exact,8,1,1,2,2,1.0,1.0,1.0,0.0,0.0,0.0,0.0,1.0,1.0,1.0,1.0,1.0
mux2,refactor_z,toy,toy,medium,2,2,2,2,0,2,2,1.0,exact,8,1,1,0,0,0.0,0.0,0.0,1.0,1.0,0.0,0.0,0.5,0.725,1.0,1.0,1.0
mux2,resub,toy,toy,high,2,2,2,2,2,0,0,1.0,exact,8,1,1,2,2,1.0,1.0,1.0,0.0,0.0,0.0,0.0,1.0,1.0,1.0,1.0,1.0
mux2,resyn,toy,toy,high,2,2,2,2,2,0,0,1.0,exact,8,1,1,2,2,1.0,1.0,1.0,0.0,0.0,0.0,0.0,1.0,1.0,1.0,1.0,1.0
mux2,resyn2,toy,toy,very_high,2,2,2,2,0,2,2,1.0,exact,8,1,1,0,0,0.0,0.0,0.0,1.0,1.0,0.0,0.0,0.5,0.725,1.0,1.0,1.0
mux2,resyn2_like,toy,toy,very_high,2,2,2,2,0,2,2,1.0,exact,8,1,1,0,0,0.0,0.0,0.0,1.0,1.0,0.0,0.0,0.5,0.725,1.0,1.0,1.0
mux2,rewrite,toy,toy,medium,2,2,2,2,2,0,0,1.0,exact,8,1,1,2,2,1.0,1.0,1.0,0.0,0.0,0.0,0.0,1.0,1.0,1.0,1.0,1.0
mux2,rewrite_z,toy,toy,medium,2,2,2,2,2,0,0,1.0,exact,8,1,1,2,2,1.0,1.0,1.0,0.0,0.0,0.0,0.0,1.0,1.0,1.0,1.0,1.0
real_hand_written_comparator_4,balance,real,custom,low,14,14,5,4,13,1,1,0.9642857142857143,exact,256,1,1,13,13,0.9285714285714286,0.9285714285714286,0.9285714285714286,0.07142857142857142,0.07142857142857142,0.0,0.2,0.9821428571428571,0.9741071428571428,0.5,1.0,1.0
real_hand_written_comparator_4,compress2rs,real,custom,very_high,14,14,5,4,13,1,1,0.9642857142857143,exact,256,1,1,13,13,0.9285714285714286,0.9285714285714286,0.9285714285714286,0.07142857142857142,0.07142857142857142,0.0,0.2,0.9821428571428571,0.9741071428571428,0.5,1.0,1.0
real_hand_written_comparator_4,dc2,real,custom,very_high,14,14,5,4,10,4,4,0.9642857142857143,exact,256,1,1,10,10,0.7142857142857143,0.7142857142857143,0.7142857142857143,0.2857142857142857,0.2857142857142857,0.0,0.2,0.9285714285714286,0.9339285714285714,0.5,1.0,1.0
real_hand_written_comparator_4,refactor,real,custom,medium,14,14,5,5,14,0,0,1.0,exact,256,1,1,14,14,1.0,1.0,1.0,0.0,0.0,0.0,0.0,1.0,1.0,1.0,1.0,1.0
real_hand_written_comparator_4,refactor_z,real,custom,medium,14,14,5,4,13,1,1,0.9642857142857143,exact,256,1,1,13,13,0.9285714285714286,0.9285714285714286,0.9285714285714286,0.07142857142857142,0.07142857142857142,0.0,0.2,0.9821428571428571,0.9741071428571428,0.5,1.0,1.0
real_hand_written_comparator_4,resub,real,custom,high,14,14,5,5,14,0,0,1.0,exact,256,1,1,14,14,1.0,1.0,1.0,0.0,0.0,0.0,0.0,1.0,1.0,1.0,1.0,1.0
real_hand_written_comparator_4,resyn,real,custom,high,14,14,5,4,4,10,10,0.9642857142857143,exact,256,1,1,4,4,0.2857142857142857,0.2857142857142857,0.2857142857142857,0.7142857142857143,0.7142857142857143,0.0,0.2,0.8214285714285714,0.8535714285714285,0.5,1.0,1.0
real_hand_written_comparator_4,resyn2,real,custom,very_high,14,14,5,4,13,1,1,0.9642857142857143,exact,256,1,1,13,13,0.9285714285714286,0.9285714285714286,0.9285714285714286,0.07142857142857142,0.07142857142857142,0.0,0.2,0.9821428571428571,0.9741071428571428,0.5,1.0,1.0
real_hand_written_comparator_4,resyn2_like,real,custom,very_high,14,14,5,4,13,1,1,0.9642857142857143,exact,256,1,1,13,13,0.9285714285714286,0.9285714285714286,0.9285714285714286,0.07142857142857142,0.07142857142857142,0.0,0.2,0.9821428571428571,0.9741071428571428,0.5,1.0,1.0
real_hand_written_comparator_4,rewrite,real,custom,medium,14,14,5,5,14,0,0,1.0,exact,256,1,1,14,14,1.0,1.0,1.0,0.0,0.0,0.0,0.0,1.0,1.0,1.0,1.0,1.0
real_hand_written_comparator_4,rewrite_z,real,custom,medium,14,14,5,5,9,5,5,0.9404761904761905,exact,256,1,1,9,9,0.6428571428571429,0.6428571428571429,0.6428571428571429,0.35714285714285715,0.35714285714285715,0.0,0.0,0.9285714285714286,0.9255952380952381,0.5,1.0,1.0
real_hand_written_full_adder,balance,real,custom,low,9,9,4,4,8,1,1,1.0,exact,8,1,1,8,8,0.8888888888888888,0.8888888888888888,0.8888888888888888,0.1111111111111111,0.1111111111111111,0.0,0.0,0.9722222222222222,0.9847222222222222,1.0,1.0,1.0
real_hand_written_full_adder,compress2rs,real,custom,very_high,9,5,4,4,3,6,2,1.0,exact,8,1,1,3,3,0.6,0.3333333333333333,0.6,0.6666666666666666,0.4,0.4444444444444444,0.0,0.9,0.925,1.0,1.0,1.0
real_hand_written_full_adder,dc2,real,custom,very_high,9,6,4,5,1,8,5,1.0,exact,8,1,1,1,1,0.16666666666666666,0.1111111111111111,0.16666666666666666,0.8888888888888888,0.8333333333333334,0.3333333333333333,-0.25,0.8125,0.8489583333333334,1.0,1.0,1.0
real_hand_written_full_adder,refactor,real,custom,medium,9,8,4,4,6,3,2,1.0,exact,8,1,1,6,6,0.75,0.6666666666666666,0.75,0.3333333333333333,0.25,0.1111111111111111,0.0,0.9375,0.953125,1.0,1.0,1.0
real_hand_written_full_adder,refactor_z,real,custom,medium,9,8,4,4,4,5,4,1.0,exact,8,1,1,4,4,0.5,0.4444444444444444,0.5,0.5555555555555556,0.5,0.1111111111111111,0.0,0.875,0.9015625,1.0,1.0,1.0
real_hand_written_full_adder,resub,real,custom,high,9,9,4,4,9,0,0,1.0,exact,8,1,1,9,9,1.0,1.0,1.0,0.0,0.0,0.0,0.0,1.0,1.0,1.0,1.0,1.0
real_hand_written_full_adder,resyn,real,custom,high,9,9,4,4,8,1,1,1.0,exact,8,1,1,8,8,0.8888888888888888,0.8888888888888888,0.8888888888888888,0.1111111111111111,0.1111111111111111,0.0,0.0,0.9722222222222222,0.9847222222222222,1.0,1.0,1.0
real_hand_written_full_adder,resyn2,real,custom,very_high,9,8,4,4,4,5,4,1.0,exact,8,1,1,4,4,0.5,0.4444444444444444,0.5,0.5555555555555556,0.5,0.1111111111111111,0.0,0.875,0.9015625,1.0,1.0,1.0
real_hand_written_full_adder,resyn2_like,real,custom,very_high,9,8,4,4,4,5,4,1.0,exact,8,1,1,4,4,0.5,0.4444444444444444,0.5,0.5555555555555556,0.5,0.1111111111111111,0.0,0.875,0.9015625,1.0,1.0,1.0
real_hand_written_full_adder,rewrite,real,custom,medium,9,9,4,4,9,0,0,1.0,exact,8,1,1,9,9,1.0,1.0,1.0,0.0,0.0,0.0,0.0,1.0,1.0,1.0,1.0,1.0
real_hand_written_full_adder,rewrite_z,real,custom,medium,9,9,4,4,8,1,1,1.0,exact,8,1,1,8,8,0.8888888888888888,0.8888888888888888,0.8888888888888888,0.1111111111111111,0.1111111111111111,0.0,0.0,0.9722222222222222,0.9847222222222222,1.0,1.0,1.0
real_hand_written_mux_4to1,balance,real,custom,low,10,10,4,4,6,4,4,0.8666666666666667,exact,64,1,1,6,6,0.6,0.6,0.6,0.4,0.4,0.0,0.0,0.95,0.9058333333333334,0.6666666666666666,1.0,1.0
real_hand_written_mux_4to1,compress2rs,real,custom,very_high,10,8,4,4,0,10,8,0.7708333333333333,exact,64,1,1,0,0,0.0,0.0,0.0,1.0,1.0,0.2,0.0,0.71875,0.6505208333333333,0.6666666666666666,0.7083333333333333,1.0
real_hand_written_mux_4to1,dc2,real,custom,very_high,10,8,4,4,0,10,8,0.8020833333333333,exact,64,1,1,0,0,0.0,0.0,0.0,1.0,1.0,0.2,0.0,0.828125,0.7497395833333333,0.6666666666666666,0.7083333333333333,1.0
real_hand_written_mux_4to1,refactor,real,custom,medium,10,8,4,4,0,10,8,0.7708333333333333,exact,64,1,1,0,0,0.0,0.0,0.0,1.0,1.0,0.2,0.0,0.84375,0.7619791666666668,0.6666666666666666,0.7083333333333333,1.0
real_hand_written_mux_4to1,refactor_z,real,custom,medium,10,8,4,4,0,10,8,0.7708333333333333,exact,64,1,1,0,0,0.0,0.0,0.0,1.0,1.0,0.2,0.0,0.71875,0.6505208333333333,0.6666666666666666,0.7083333333333333,1.0
real_hand_written_mux_4to1,resub,real,custom,high,10,10,4,4,10,0,0,1.0,exact,64,1,1,10,10,1.0,1.0,1.0,0.0,0.0,0.0,0.0,1.0,1.0,1.0,1.0,1.0
real_hand_written_mux_4to1,resyn,real,custom,high,10,8,4,4,0,10,8,0.8333333333333333,exact,64,1,1,0,0,0.0,0.0,0.0,1.0,1.0,0.2,0.0,0.8125,0.7286458333333333,0.6666666666666666,0.8333333333333333,1.0
real_hand_written_mux_4to1,resyn2,real,custom,very_high,10,8,4,4,0,10,8,0.7708333333333333,exact,64,1,1,0,0,0.0,0.0,0.0,1.0,1.0,0.2,0.0,0.71875,0.6505208333333333,0.6666666666666666,0.7083333333333333,1.0
real_hand_written_mux_4to1,resyn2_like,real,custom,very_high,10,8,4,4,0,10,8,0.7708333333333333,exact,64,1,1,0,0,0.0,0.0,0.0,1.0,1.0,0.2,0.0,0.71875,0.6505208333333333,0.6666666666666666,0.7083333333333333,1.0
real_hand_written_mux_4to1,rewrite,real,custom,medium,10,8,4,4,0,10,8,0.8333333333333333,exact,64,1,1,0,0,0.0,0.0,0.0,1.0,1.0,0.2,0.0,0.8125,0.7286458333333333,0.6666666666666666,0.8333333333333333,1.0
real_hand_written_mux_4to1,rewrite_z,real,custom,medium,10,8,4,4,0,10,8,0.8333333333333333,exact,64,1,1,0,0,0.0,0.0,0.0,1.0,1.0,0.2,0.0,0.8125,0.7286458333333333,0.6666666666666666,0.8333333333333333,1.0
real_hand_written_parity_8,balance,real,custom,low,20,20,6,6,20,0,0,1.0,exact,256,1,1,20,20,1.0,1.0,1.0,0.0,0.0,0.0,0.0,1.0,1.0,1.0,1.0,1.0
real_hand_written_parity_8,compress2rs,real,custom,very_high,20,20,6,6,5,15,15,1.0,exact,256,1,1,5,5,0.25,0.25,0.25,0.75,0.75,0.0,0.0,0.8125,0.859375,1.0,1.0,1.0
real_hand_written_parity_8,dc2,real,custom,very_high,20,20,6,6,6,14,14,0.85,exact,256,1,1,6,6,0.3,0.3,0.3,0.7,0.7,0.0,0.0,0.8,0.8070833333333334,0.5,1.0,1.0
real_hand_written_parity_8,refactor,real,custom,medium,20,20,6,6,20,0,0,1.0,exact,256,1,1,20,20,1.0,1.0,1.0,0.0,0.0,0.0,0.0,1.0,1.0,1.0,1.0,1.0
real_hand_written_parity_8,refactor_z,real,custom,medium,20,20,6,6,8,12,12,1.0,exact,256,1,1,8,8,0.4,0.4,0.4,0.6,0.6,0.0,0.0,0.85,0.8875,1.0,1.0,1.0
real_hand_written_parity_8,resub,real,custom,high,20,20,6,6,20,0,0,1.0,exact,256,1,1,20,20,1.0,1.0,1.0,0.0,0.0,0.0,0.0,1.0,1.0,1.0,1.0,1.0
real_hand_written_parity_8,resyn,real,custom,high,20,20,6,6,17,3,3,1.0,exact,256,1,1,17,17,0.85,0.85,0.85,0.15,0.15,0.0,0.0,0.9625,0.971875,1.0,1.0,1.0
real_hand_written_parity_8,resyn2,real,custom,very_high,20,20,6,6,5,15,15,1.0,exact,256,1,1,5,5,0.25,0.25,0.25,0.75,0.75,0.0,0.0,0.8125,0.859375,1.0,1.0,1.0
real_hand_written_parity_8,resyn2_like,real,custom,very_high,20,20,6,6,5,15,15,1.0,exact,256,1,1,5,5,0.25,0.25,0.25,0.75,0.75,0.0,0.0,0.8125,0.859375,1.0,1.0,1.0
real_hand_written_parity_8,rewrite,real,custom,medium,20,20,6,6,20,0,0,1.0,exact,256,1,1,20,20,1.0,1.0,1.0,0.0,0.0,0.0,0.0,1.0,1.0,1.0,1.0,1.0
real_hand_written_parity_8,rewrite_z,real,custom,medium,20,20,6,6,17,3,3,1.0,exact,256,1,1,17,17,0.85,0.85,0.85,0.15,0.15,0.0,0.0,0.9625,0.971875,1.0,1.0,1.0
real_hand_written_priority_enc_4,balance,real,custom,low,2,2,2,2,2,0,0,1.0,exact,16,1,1,2,2,1.0,1.0,1.0,0.0,0.0,0.0,0.0,1.0,1.0,1.0,1.0,1.0
real_hand_written_priority_enc_4,compress2rs,real,custom,very_high,2,2,2,2,2,0,0,1.0,exact,16,1,1,2,2,1.0,1.0,1.0,0.0,0.0,0.0,0.0,1.0,1.0,1.0,1.0,1.0
real_hand_written_priority_enc_4,dc2,real,custom,very_high,2,2,2,3,1,1,1,0.8333333333333333,exact,16,1,1,1,1,0.5,0.5,0.5,0.5,0.5,0.0,-0.5,0.875,0.775,0.6666666666666666,0.8333333333333333,1.0
real_hand_written_priority_enc_4,refactor,real,custom,medium,2,2,2,2,2,0,0,1.0,exact,16,1,1,2,2,1.0,1.0,1.0,0.0,0.0,0.0,0.0,1.0,1.0,1.0,1.0,1.0
real_hand_written_priority_enc_4,refactor_z,real,custom,medium,2,2,2,2,2,0,0,1.0,exact,16,1,1,2,2,1.0,1.0,1.0,0.0,0.0,0.0,0.0,1.0,1.0,1.0,1.0,1.0
real_hand_written_priority_enc_4,resub,real,custom,high,2,2,2,2,2,0,0,1.0,exact,16,1,1,2,2,1.0,1.0,1.0,0.0,0.0,0.0,0.0,1.0,1.0,1.0,1.0,1.0
real_hand_written_priority_enc_4,resyn,real,custom,high,2,2,2,2,2,0,0,1.0,exact,16,1,1,2,2,1.0,1.0,1.0,0.0,0.0,0.0,0.0,1.0,1.0,1.0,1.0,1.0
real_hand_written_priority_enc_4,resyn2,real,custom,very_high,2,2,2,2,2,0,0,1.0,exact,16,1,1,2,2,1.0,1.0,1.0,0.0,0.0,0.0,0.0,1.0,1.0,1.0,1.0,1.0
real_hand_written_priority_enc_4,resyn2_like,real,custom,very_high,2,2,2,2,2,0,0,1.0,exact,16,1,1,2,2,1.0,1.0,1.0,0.0,0.0,0.0,0.0,1.0,1.0,1.0,1.0,1.0
real_hand_written_priority_enc_4,rewrite,real,custom,medium,2,2,2,2,2,0,0,1.0,exact,16,1,1,2,2,1.0,1.0,1.0,0.0,0.0,0.0,0.0,1.0,1.0,1.0,1.0,1.0
real_hand_written_priority_enc_4,rewrite_z,real,custom,medium,2,2,2,2,2,0,0,1.0,exact,16,1,1,2,2,1.0,1.0,1.0,0.0,0.0,0.0,0.0,1.0,1.0,1.0,1.0,1.0
toy_and_or,balance,toy,toy,low,2,2,2,2,2,0,0,1.0,exact,16,1,1,2,2,1.0,1.0,1.0,0.0,0.0,0.0,0.0,1.0,1.0,1.0,1.0,1.0
toy_and_or,compress2rs,toy,toy,very_high,2,2,2,2,2,0,0,1.0,exact,16,1,1,2,2,1.0,1.0,1.0,0.0,0.0,0.0,0.0,1.0,1.0,1.0,1.0,1.0
toy_and_or,dc2,toy,toy,very_high,2,2,2,2,2,0,0,1.0,exact,16,1,1,2,2,1.0,1.0,1.0,0.0,0.0,0.0,0.0,1.0,1.0,1.0,1.0,1.0
toy_and_or,refactor,toy,toy,medium,2,2,2,2,2,0,0,1.0,exact,16,1,1,2,2,1.0,1.0,1.0,0.0,0.0,0.0,0.0,1.0,1.0,1.0,1.0,1.0
toy_and_or,refactor_z,toy,toy,medium,2,2,2,2,2,0,0,1.0,exact,16,1,1,2,2,1.0,1.0,1.0,0.0,0.0,0.0,0.0,1.0,1.0,1.0,1.0,1.0
toy_and_or,resub,toy,toy,high,2,2,2,2,2,0,0,1.0,exact,16,1,1,2,2,1.0,1.0,1.0,0.0,0.0,0.0,0.0,1.0,1.0,1.0,1.0,1.0
toy_and_or,resyn,toy,toy,high,2,2,2,2,2,0,0,1.0,exact,16,1,1,2,2,1.0,1.0,1.0,0.0,0.0,0.0,0.0,1.0,1.0,1.0,1.0,1.0
toy_and_or,resyn2,toy,toy,very_high,2,2,2,2,2,0,0,1.0,exact,16,1,1,2,2,1.0,1.0,1.0,0.0,0.0,0.0,0.0,1.0,1.0,1.0,1.0,1.0
toy_and_or,resyn2_like,toy,toy,very_high,2,2,2,2,2,0,0,1.0,exact,16,1,1,2,2,1.0,1.0,1.0,0.0,0.0,0.0,0.0,1.0,1.0,1.0,1.0,1.0
toy_and_or,rewrite,toy,toy,medium,2,2,2,2,2,0,0,1.0,exact,16,1,1,2,2,1.0,1.0,1.0,0.0,0.0,0.0,0.0,1.0,1.0,1.0,1.0,1.0
toy_and_or,rewrite_z,toy,toy,medium,2,2,2,2,2,0,0,1.0,exact,16,1,1,2,2,1.0,1.0,1.0,0.0,0.0,0.0,0.0,1.0,1.0,1.0,1.0,1.0
xor_chain,balance,xor_chain,toy,low,8,8,6,6,8,0,0,1.0,exact,16,1,1,8,8,1.0,1.0,1.0,0.0,0.0,0.0,0.0,1.0,1.0,1.0,1.0,1.0
xor_chain,compress2rs,xor_chain,toy,very_high,8,8,6,4,0,8,8,0.8125,exact,16,1,1,0,0,0.0,0.0,0.0,1.0,1.0,0.0,0.3333333333333333,0.71875,0.7096875,0.5,1.0,1.0
xor_chain,dc2,xor_chain,toy,very_high,8,8,6,4,0,8,8,0.8125,exact,16,1,1,0,0,0.0,0.0,0.0,1.0,1.0,0.0,0.3333333333333333,0.71875,0.7148958333333333,0.5,1.0,1.0
xor_chain,refactor,xor_chain,toy,medium,8,8,6,6,8,0,0,1.0,exact,16,1,1,8,8,1.0,1.0,1.0,0.0,0.0,0.0,0.0,1.0,1.0,1.0,1.0,1.0
xor_chain,refactor_z,xor_chain,toy,medium,8,8,6,6,5,3,3,1.0,exact,16,1,1,5,5,0.625,0.625,0.625,0.375,0.375,0.0,0.0,0.90625,0.9296875,1.0,1.0,1.0
xor_chain,resub,xor_chain,toy,high,8,8,6,6,8,0,0,1.0,exact,16,1,1,8,8,1.0,1.0,1.0,0.0,0.0,0.0,0.0,1.0,1.0,1.0,1.0,1.0
xor_chain,resyn,xor_chain,toy,high,8,8,6,4,3,5,5,0.8125,exact,16,1,1,3,3,0.375,0.375,0.375,0.625,0.625,0.0,0.3333333333333333,0.8125,0.78,0.5,1.0,1.0
xor_chain,resyn2,xor_chain,toy,very_high,8,8,6,4,0,8,8,0.8125,exact,16,1,1,0,0,0.0,0.0,0.0,1.0,1.0,0.0,0.3333333333333333,0.71875,0.7096875,0.5,1.0,1.0
xor_chain,resyn2_like,xor_chain,toy,very_high,8,8,6,4,0,8,8,0.8125,exact,16,1,1,0,0,0.0,0.0,0.0,1.0,1.0,0.0,0.3333333333333333,0.71875,0.7096875,0.5,1.0,1.0
xor_chain,rewrite,xor_chain,toy,medium,8,8,6,6,8,0,0,1.0,exact,16,1,1,8,8,1.0,1.0,1.0,0.0,0.0,0.0,0.0,1.0,1.0,1.0,1.0,1.0
xor_chain,rewrite_z,xor_chain,toy,medium,8,8,6,4,3,5,5,0.8125,exact,16,1,1,3,3,0.375,0.375,0.375,0.625,0.625,0.0,0.3333333333333333,0.8125,0.78,0.5,1.0,1.0
